line_index,Player,gender
1,RICHMOND,Male
2,RICHMOND,Male
3,RICHMOND,Male
4,RICHMOND,Male
5,RICHMOND,Male
6,RICHMOND,Male
7,RICHMOND,Male
8,RICHMOND,Male
9,RICHMOND,Male
10,RICHMOND,Male
11,RICHMOND,Male
12,RICHMOND,Male
13,RICHMOND,Male
14,RICHMOND,Male
15,RICHMOND,Male
16,SAMPSON,Male
17,GREGORY,Male
18,SAMPSON,Male
19,GREGORY,Male
20,SAMPSON,Male
21,GREGORY,Male
22,SAMPSON,Male
23,GREGORY,Male
24,GREGORY,Male
25,SAMPSON,Male
26,SAMPSON,Male
27,GREGORY,Male
28,GREGORY,Male
29,SAMPSON,Male
30,SAMPSON,Male
31,SAMPSON,Male
32,SAMPSON,Male
33,GREGORY,Male
34,SAMPSON,Male
35,SAMPSON,Male
36,SAMPSON,Male
37,GREGORY,Male
38,SAMPSON,Male
39,SAMPSON,Male
40,GREGORY,Male
41,SAMPSON,Male
42,SAMPSON,Male
43,GREGORY,Male
44,GREGORY,Male
45,GREGORY,Male
46,SAMPSON,Male
47,GREGORY,Male
48,SAMPSON,Male
49,GREGORY,Male
50,SAMPSON,Male
51,GREGORY,Male
52,GREGORY,Male
53,SAMPSON,Male
54,SAMPSON,Male
55,ABRAHAM,Male
56,SAMPSON,Male
57,ABRAHAM,Male
58,SAMPSON,Male
59,SAMPSON,Male
60,GREGORY,Male
61,SAMPSON,Male
62,SAMPSON,Male
63,GREGORY,Male
64,ABRAHAM,Male
65,SAMPSON,Male
66,ABRAHAM,Male
67,SAMPSON,Male
68,GREGORY,Male
69,SAMPSON,Male
70,ABRAHAM,Male
71,SAMPSON,Male
72,BENVOLIO,Male
73,BENVOLIO,Male
74,TYBALT,Male
75,TYBALT,Male
76,BENVOLIO,Male
77,BENVOLIO,Male
78,TYBALT,Male
79,TYBALT,Male
80,TYBALT,Male
81,First Citizen,Undetermined
82,First Citizen,Undetermined
83,CAPULET,Male
84,LADY CAPULET,Female
85,CAPULET,Male
86,CAPULET,Male
87,MONTAGUE,Male
88,LADY MONTAGUE,Female
89,PRINCE,Male
90,PRINCE,Male
91,PRINCE,Male
92,PRINCE,Male
93,PRINCE,Male
94,PRINCE,Male
95,PRINCE,Male
96,PRINCE,Male
97,PRINCE,Male
98,PRINCE,Male
99,PRINCE,Male
100,PRINCE,Male
101,PRINCE,Male
102,PRINCE,Male
103,PRINCE,Male
104,PRINCE,Male
105,PRINCE,Male
106,PRINCE,Male
107,PRINCE,Male
108,PRINCE,Male
109,PRINCE,Male
110,PRINCE,Male
111,PRINCE,Male
112,MONTAGUE,Male
113,MONTAGUE,Male
114,BENVOLIO,Male
115,BENVOLIO,Male
116,BENVOLIO,Male
117,BENVOLIO,Male
118,BENVOLIO,Male
119,BENVOLIO,Male
120,BENVOLIO,Male
121,BENVOLIO,Male
122,BENVOLIO,Male
123,BENVOLIO,Male
124,LADY MONTAGUE,Female
125,LADY MONTAGUE,Female
126,BENVOLIO,Male
127,BENVOLIO,Male
128,BENVOLIO,Male
129,BENVOLIO,Male
130,BENVOLIO,Male
131,BENVOLIO,Male
132,BENVOLIO,Male
133,BENVOLIO,Male
134,BENVOLIO,Male
135,BENVOLIO,Male
136,BENVOLIO,Male
137,BENVOLIO,Male
138,MONTAGUE,Male
139,MONTAGUE,Male
140,MONTAGUE,Male
141,MONTAGUE,Male
142,MONTAGUE,Male
143,MONTAGUE,Male
144,MONTAGUE,Male
145,MONTAGUE,Male
146,MONTAGUE,Male
147,MONTAGUE,Male
148,MONTAGUE,Male
149,MONTAGUE,Male
150,BENVOLIO,Male
151,MONTAGUE,Male
152,BENVOLIO,Male
153,MONTAGUE,Male
154,MONTAGUE,Male
155,MONTAGUE,Male
156,MONTAGUE,Male
157,MONTAGUE,Male
158,MONTAGUE,Male
159,MONTAGUE,Male
160,MONTAGUE,Male
161,MONTAGUE,Male
162,MONTAGUE,Male
163,BENVOLIO,Male
164,BENVOLIO,Male
165,MONTAGUE,Male
166,MONTAGUE,Male
167,BENVOLIO,Male
168,ROMEO,Male
169,BENVOLIO,Male
170,ROMEO,Male
171,ROMEO,Male
172,BENVOLIO,Male
173,ROMEO,Male
174,BENVOLIO,Male
175,ROMEO,Male
176,BENVOLIO,Male
177,ROMEO,Male
178,BENVOLIO,Male
179,BENVOLIO,Male
180,ROMEO,Male
181,ROMEO,Male
182,ROMEO,Male
183,ROMEO,Male
184,ROMEO,Male
185,ROMEO,Male
186,ROMEO,Male
187,ROMEO,Male
188,ROMEO,Male
189,ROMEO,Male
190,ROMEO,Male
191,ROMEO,Male
192,ROMEO,Male
193,ROMEO,Male
194,BENVOLIO,Male
195,ROMEO,Male
196,BENVOLIO,Male
197,ROMEO,Male
198,ROMEO,Male
199,ROMEO,Male
200,ROMEO,Male
201,ROMEO,Male
202,ROMEO,Male
203,ROMEO,Male
204,ROMEO,Male
205,ROMEO,Male
206,ROMEO,Male
207,ROMEO,Male
208,BENVOLIO,Male
209,BENVOLIO,Male
210,ROMEO,Male
211,ROMEO,Male
212,BENVOLIO,Male
213,ROMEO,Male
214,BENVOLIO,Male
215,BENVOLIO,Male
216,ROMEO,Male
217,ROMEO,Male
218,ROMEO,Male
219,BENVOLIO,Male
220,ROMEO,Male
221,BENVOLIO,Male
222,ROMEO,Male
223,ROMEO,Male
224,ROMEO,Male
225,ROMEO,Male
226,ROMEO,Male
227,ROMEO,Male
228,ROMEO,Male
229,ROMEO,Male
230,ROMEO,Male
231,BENVOLIO,Male
232,ROMEO,Male
233,ROMEO,Male
234,ROMEO,Male
235,ROMEO,Male
236,ROMEO,Male
237,ROMEO,Male
238,ROMEO,Male
239,BENVOLIO,Male
240,ROMEO,Male
241,BENVOLIO,Male
242,BENVOLIO,Male
243,ROMEO,Male
244,ROMEO,Male
245,ROMEO,Male
246,ROMEO,Male
247,ROMEO,Male
248,ROMEO,Male
249,ROMEO,Male
250,ROMEO,Male
251,ROMEO,Male
252,ROMEO,Male
253,BENVOLIO,Male
254,CAPULET,Male
255,CAPULET,Male
256,CAPULET,Male
257,PARIS,Male
258,PARIS,Male
259,PARIS,Male
260,CAPULET,Male
261,CAPULET,Male
262,CAPULET,Male
263,CAPULET,Male
264,CAPULET,Male
265,PARIS,Male
266,CAPULET,Male
267,CAPULET,Male
268,CAPULET,Male
269,CAPULET,Male
270,CAPULET,Male
271,CAPULET,Male
272,CAPULET,Male
273,CAPULET,Male
274,CAPULET,Male
275,CAPULET,Male
276,CAPULET,Male
277,CAPULET,Male
278,CAPULET,Male
279,CAPULET,Male
280,CAPULET,Male
281,CAPULET,Male
282,CAPULET,Male
283,CAPULET,Male
284,CAPULET,Male
285,CAPULET,Male
286,CAPULET,Male
287,CAPULET,Male
288,CAPULET,Male
289,CAPULET,Male
290,CAPULET,Male
291,CAPULET,Male
292,Servant,Undetermined
293,Servant,Undetermined
294,Servant,Undetermined
295,Servant,Undetermined
296,Servant,Undetermined
297,Servant,Undetermined
298,Servant,Undetermined
299,BENVOLIO,Male
300,BENVOLIO,Male
301,BENVOLIO,Male
302,BENVOLIO,Male
303,BENVOLIO,Male
304,BENVOLIO,Male
305,ROMEO,Male
306,BENVOLIO,Male
307,ROMEO,Male
308,BENVOLIO,Male
309,ROMEO,Male
310,ROMEO,Male
311,ROMEO,Male
312,Servant,Undetermined
313,ROMEO,Male
314,Servant,Undetermined
315,Servant,Undetermined
316,ROMEO,Male
317,Servant,Undetermined
318,ROMEO,Male
319,ROMEO,Male
320,ROMEO,Male
321,ROMEO,Male
322,ROMEO,Male
323,ROMEO,Male
324,ROMEO,Male
325,ROMEO,Male
326,ROMEO,Male
327,Servant,Undetermined
328,ROMEO,Male
329,Servant,Undetermined
330,ROMEO,Male
331,Servant,Undetermined
332,ROMEO,Male
333,Servant,Undetermined
334,Servant,Undetermined
335,Servant,Undetermined
336,Servant,Undetermined
337,BENVOLIO,Male
338,BENVOLIO,Male
339,BENVOLIO,Male
340,BENVOLIO,Male
341,BENVOLIO,Male
342,BENVOLIO,Male
343,ROMEO,Male
344,ROMEO,Male
345,ROMEO,Male
346,ROMEO,Male
347,ROMEO,Male
348,ROMEO,Male
349,BENVOLIO,Male
350,BENVOLIO,Male
351,BENVOLIO,Male
352,BENVOLIO,Male
353,BENVOLIO,Male
354,BENVOLIO,Male
355,ROMEO,Male
356,ROMEO,Male
357,LADY CAPULET,Female
358,Nurse,Female
359,Nurse,Female
360,Nurse,Female
361,JULIET,Female
362,Nurse,Female
363,JULIET,Female
364,JULIET,Female
365,LADY CAPULET,Female
366,LADY CAPULET,Female
367,LADY CAPULET,Female
368,LADY CAPULET,Female
369,Nurse,Female
370,LADY CAPULET,Female
371,Nurse,Female
372,Nurse,Female
373,Nurse,Female
374,Nurse,Female
375,LADY CAPULET,Female
376,Nurse,Female
377,Nurse,Female
378,Nurse,Female
379,Nurse,Female
380,Nurse,Female
381,Nurse,Female
382,Nurse,Female
383,Nurse,Female
384,Nurse,Female
385,Nurse,Female
386,Nurse,Female
387,Nurse,Female
388,Nurse,Female
389,Nurse,Female
390,Nurse,Female
391,Nurse,Female
392,Nurse,Female
393,Nurse,Female
394,Nurse,Female
395,Nurse,Female
396,Nurse,Female
397,Nurse,Female
398,Nurse,Female
399,Nurse,Female
400,Nurse,Female
401,Nurse,Female
402,Nurse,Female
403,Nurse,Female
404,Nurse,Female
405,Nurse,Female
406,Nurse,Female
407,Nurse,Female
408,Nurse,Female
409,LADY CAPULET,Female
410,Nurse,Female
411,Nurse,Female
412,Nurse,Female
413,Nurse,Female
414,Nurse,Female
415,Nurse,Female
416,Nurse,Female
417,Nurse,Female
418,JULIET,Female
419,Nurse,Female
420,Nurse,Female
421,Nurse,Female
422,Nurse,Female
423,LADY CAPULET,Female
424,LADY CAPULET,Female
425,LADY CAPULET,Female
426,JULIET,Female
427,Nurse,Female
428,Nurse,Female
429,LADY CAPULET,Female
430,LADY CAPULET,Female
431,LADY CAPULET,Female
432,LADY CAPULET,Female
433,LADY CAPULET,Female
434,LADY CAPULET,Female
435,Nurse,Female
436,Nurse,Female
437,LADY CAPULET,Female
438,Nurse,Female
439,LADY CAPULET,Female
440,LADY CAPULET,Female
441,LADY CAPULET,Female
442,LADY CAPULET,Female
443,LADY CAPULET,Female
444,LADY CAPULET,Female
445,LADY CAPULET,Female
446,LADY CAPULET,Female
447,LADY CAPULET,Female
448,LADY CAPULET,Female
449,LADY CAPULET,Female
450,LADY CAPULET,Female
451,LADY CAPULET,Female
452,LADY CAPULET,Female
453,LADY CAPULET,Female
454,LADY CAPULET,Female
455,Nurse,Female
456,LADY CAPULET,Female
457,JULIET,Female
458,JULIET,Female
459,JULIET,Female
460,Servant,Undetermined
461,Servant,Undetermined
462,Servant,Undetermined
463,Servant,Undetermined
464,LADY CAPULET,Female
465,LADY CAPULET,Female
466,Nurse,Female
467,ROMEO,Male
468,ROMEO,Male
469,BENVOLIO,Male
470,BENVOLIO,Male
471,BENVOLIO,Male
472,BENVOLIO,Male
473,BENVOLIO,Male
474,BENVOLIO,Male
475,BENVOLIO,Male
476,BENVOLIO,Male
477,ROMEO,Male
478,ROMEO,Male
479,MERCUTIO,Male
480,ROMEO,Male
481,ROMEO,Male
482,ROMEO,Male
483,MERCUTIO,Male
484,MERCUTIO,Male
485,ROMEO,Male
486,ROMEO,Male
487,ROMEO,Male
488,ROMEO,Male
489,MERCUTIO,Male
490,MERCUTIO,Male
491,ROMEO,Male
492,ROMEO,Male
493,MERCUTIO,Male
494,MERCUTIO,Male
495,MERCUTIO,Male
496,MERCUTIO,Male
497,MERCUTIO,Male
498,MERCUTIO,Male
499,BENVOLIO,Male
500,BENVOLIO,Male
501,ROMEO,Male
502,ROMEO,Male
503,ROMEO,Male
504,ROMEO,Male
505,ROMEO,Male
506,MERCUTIO,Male
507,MERCUTIO,Male
508,MERCUTIO,Male
509,MERCUTIO,Male
510,ROMEO,Male
511,MERCUTIO,Male
512,MERCUTIO,Male
513,MERCUTIO,Male
514,MERCUTIO,Male
515,ROMEO,Male
516,ROMEO,Male
517,MERCUTIO,Male
518,ROMEO,Male
519,MERCUTIO,Male
520,ROMEO,Male
521,MERCUTIO,Male
522,ROMEO,Male
523,MERCUTIO,Male
524,MERCUTIO,Male
525,MERCUTIO,Male
526,MERCUTIO,Male
527,MERCUTIO,Male
528,MERCUTIO,Male
529,MERCUTIO,Male
530,MERCUTIO,Male
531,MERCUTIO,Male
532,MERCUTIO,Male
533,MERCUTIO,Male
534,MERCUTIO,Male
535,MERCUTIO,Male
536,MERCUTIO,Male
537,MERCUTIO,Male
538,MERCUTIO,Male
539,MERCUTIO,Male
540,MERCUTIO,Male
541,MERCUTIO,Male
542,MERCUTIO,Male
543,MERCUTIO,Male
544,MERCUTIO,Male
545,MERCUTIO,Male
546,MERCUTIO,Male
547,MERCUTIO,Male
548,MERCUTIO,Male
549,MERCUTIO,Male
550,MERCUTIO,Male
551,MERCUTIO,Male
552,MERCUTIO,Male
553,MERCUTIO,Male
554,MERCUTIO,Male
555,MERCUTIO,Male
556,MERCUTIO,Male
557,MERCUTIO,Male
558,MERCUTIO,Male
559,MERCUTIO,Male
560,MERCUTIO,Male
561,MERCUTIO,Male
562,MERCUTIO,Male
563,MERCUTIO,Male
564,MERCUTIO,Male
565,MERCUTIO,Male
566,ROMEO,Male
567,ROMEO,Male
568,MERCUTIO,Male
569,MERCUTIO,Male
570,MERCUTIO,Male
571,MERCUTIO,Male
572,MERCUTIO,Male
573,MERCUTIO,Male
574,MERCUTIO,Male
575,MERCUTIO,Male
576,BENVOLIO,Male
577,BENVOLIO,Male
578,ROMEO,Male
579,ROMEO,Male
580,ROMEO,Male
581,ROMEO,Male
582,ROMEO,Male
583,ROMEO,Male
584,ROMEO,Male
585,ROMEO,Male
586,BENVOLIO,Male
587,First Servant,Undetermined
588,First Servant,Undetermined
589,Second Servant,Undetermined
590,Second Servant,Undetermined
591,First Servant,Undetermined
592,First Servant,Undetermined
593,First Servant,Undetermined
594,First Servant,Undetermined
595,First Servant,Undetermined
596,Second Servant,Undetermined
597,First Servant,Undetermined
598,First Servant,Undetermined
599,Second Servant,Undetermined
600,Second Servant,Undetermined
601,CAPULET,Male
602,CAPULET,Male
603,CAPULET,Male
604,CAPULET,Male
605,CAPULET,Male
606,CAPULET,Male
607,CAPULET,Male
608,CAPULET,Male
609,CAPULET,Male
610,CAPULET,Male
611,CAPULET,Male
612,CAPULET,Male
613,CAPULET,Male
614,CAPULET,Male
615,CAPULET,Male
616,CAPULET,Male
617,CAPULET,Male
618,CAPULET,Male
619,Second Capulet,Undetermined
620,CAPULET,Male
621,CAPULET,Male
622,CAPULET,Male
623,CAPULET,Male
624,Second Capulet,Undetermined
625,Second Capulet,Undetermined
626,CAPULET,Male
627,CAPULET,Male
628,ROMEO,Male
629,ROMEO,Male
630,ROMEO,Male
631,Servant,Undetermined
632,ROMEO,Male
633,ROMEO,Male
634,ROMEO,Male
635,ROMEO,Male
636,ROMEO,Male
637,ROMEO,Male
638,ROMEO,Male
639,ROMEO,Male
640,ROMEO,Male
641,ROMEO,Male
642,TYBALT,Male
643,TYBALT,Male
644,TYBALT,Male
645,TYBALT,Male
646,TYBALT,Male
647,TYBALT,Male
648,CAPULET,Male
649,TYBALT,Male
650,TYBALT,Male
651,TYBALT,Male
652,CAPULET,Male
653,TYBALT,Male
654,CAPULET,Male
655,CAPULET,Male
656,CAPULET,Male
657,CAPULET,Male
658,CAPULET,Male
659,CAPULET,Male
660,CAPULET,Male
661,CAPULET,Male
662,CAPULET,Male
663,CAPULET,Male
664,TYBALT,Male
665,TYBALT,Male
666,CAPULET,Male
667,CAPULET,Male
668,CAPULET,Male
669,CAPULET,Male
670,CAPULET,Male
671,CAPULET,Male
672,TYBALT,Male
673,CAPULET,Male
674,CAPULET,Male
675,CAPULET,Male
676,CAPULET,Male
677,CAPULET,Male
678,CAPULET,Male
679,CAPULET,Male
680,TYBALT,Male
681,TYBALT,Male
682,TYBALT,Male
683,TYBALT,Male
684,ROMEO,Male
685,ROMEO,Male
686,ROMEO,Male
687,ROMEO,Male
688,JULIET,Female
689,JULIET,Female
690,JULIET,Female
691,JULIET,Female
692,ROMEO,Male
693,JULIET,Female
694,ROMEO,Male
695,ROMEO,Male
696,JULIET,Female
697,ROMEO,Male
698,ROMEO,Male
699,JULIET,Female
700,ROMEO,Male
701,ROMEO,Male
702,JULIET,Female
703,Nurse,Female
704,ROMEO,Male
705,Nurse,Female
706,Nurse,Female
707,Nurse,Female
708,Nurse,Female
709,Nurse,Female
710,Nurse,Female
711,ROMEO,Male
712,ROMEO,Male
713,BENVOLIO,Male
714,ROMEO,Male
715,CAPULET,Male
716,CAPULET,Male
717,CAPULET,Male
718,CAPULET,Male
719,CAPULET,Male
720,CAPULET,Male
721,CAPULET,Male
722,JULIET,Female
723,Nurse,Female
724,JULIET,Female
725,Nurse,Female
726,JULIET,Female
727,Nurse,Female
728,JULIET,Female
729,JULIET,Female
730,Nurse,Female
731,Nurse,Female
732,JULIET,Female
733,JULIET,Female
734,JULIET,Female
735,JULIET,Female
736,Nurse,Female
737,JULIET,Female
738,JULIET,Female
739,Nurse,Female
740,Nurse,Female
741,Chorus,Undetermined
742,Chorus,Undetermined
743,Chorus,Undetermined
744,Chorus,Undetermined
745,Chorus,Undetermined
746,Chorus,Undetermined
747,Chorus,Undetermined
748,Chorus,Undetermined
749,Chorus,Undetermined
750,Chorus,Undetermined
751,Chorus,Undetermined
752,Chorus,Undetermined
753,Chorus,Undetermined
754,Chorus,Undetermined
755,ROMEO,Male
756,ROMEO,Male
757,BENVOLIO,Male
758,MERCUTIO,Male
759,MERCUTIO,Male
760,BENVOLIO,Male
761,BENVOLIO,Male
762,MERCUTIO,Male
763,MERCUTIO,Male
764,MERCUTIO,Male
765,MERCUTIO,Male
766,MERCUTIO,Male
767,MERCUTIO,Male
768,MERCUTIO,Male
769,MERCUTIO,Male
770,MERCUTIO,Male
771,MERCUTIO,Male
772,MERCUTIO,Male
773,MERCUTIO,Male
774,MERCUTIO,Male
775,MERCUTIO,Male
776,MERCUTIO,Male
777,MERCUTIO,Male
778,BENVOLIO,Male
779,MERCUTIO,Male
780,MERCUTIO,Male
781,MERCUTIO,Male
782,MERCUTIO,Male
783,MERCUTIO,Male
784,MERCUTIO,Male
785,MERCUTIO,Male
786,BENVOLIO,Male
787,BENVOLIO,Male
788,BENVOLIO,Male
789,MERCUTIO,Male
790,MERCUTIO,Male
791,MERCUTIO,Male
792,MERCUTIO,Male
793,MERCUTIO,Male
794,MERCUTIO,Male
795,MERCUTIO,Male
796,MERCUTIO,Male
797,MERCUTIO,Male
798,BENVOLIO,Male
799,BENVOLIO,Male
800,ROMEO,Male
801,ROMEO,Male
802,ROMEO,Male
803,ROMEO,Male
804,ROMEO,Male
805,ROMEO,Male
806,ROMEO,Male
807,ROMEO,Male
808,ROMEO,Male
809,ROMEO,Male
810,ROMEO,Male
811,ROMEO,Male
812,ROMEO,Male
813,ROMEO,Male
814,ROMEO,Male
815,ROMEO,Male
816,ROMEO,Male
817,ROMEO,Male
818,ROMEO,Male
819,ROMEO,Male
820,ROMEO,Male
821,ROMEO,Male
822,ROMEO,Male
823,ROMEO,Male
824,ROMEO,Male
825,JULIET,Female
826,ROMEO,Male
827,ROMEO,Male
828,ROMEO,Male
829,ROMEO,Male
830,ROMEO,Male
831,ROMEO,Male
832,ROMEO,Male
833,ROMEO,Male
834,JULIET,Female
835,JULIET,Female
836,JULIET,Female
837,JULIET,Female
838,ROMEO,Male
839,JULIET,Female
840,JULIET,Female
841,JULIET,Female
842,JULIET,Female
843,JULIET,Female
844,JULIET,Female
845,JULIET,Female
846,JULIET,Female
847,JULIET,Female
848,JULIET,Female
849,JULIET,Female
850,JULIET,Female
851,ROMEO,Male
852,ROMEO,Male
853,ROMEO,Male
854,JULIET,Female
855,JULIET,Female
856,ROMEO,Male
857,ROMEO,Male
858,ROMEO,Male
859,ROMEO,Male
860,ROMEO,Male
861,JULIET,Female
862,JULIET,Female
863,JULIET,Female
864,ROMEO,Male
865,JULIET,Female
866,JULIET,Female
867,JULIET,Female
868,JULIET,Female
869,ROMEO,Male
870,ROMEO,Male
871,ROMEO,Male
872,ROMEO,Male
873,JULIET,Female
874,ROMEO,Male
875,ROMEO,Male
876,ROMEO,Male
877,JULIET,Female
878,ROMEO,Male
879,ROMEO,Male
880,ROMEO,Male
881,ROMEO,Male
882,JULIET,Female
883,ROMEO,Male
884,ROMEO,Male
885,ROMEO,Male
886,ROMEO,Male
887,ROMEO,Male
888,JULIET,Female
889,JULIET,Female
890,JULIET,Female
891,JULIET,Female
892,JULIET,Female
893,JULIET,Female
894,JULIET,Female
895,JULIET,Female
896,JULIET,Female
897,JULIET,Female
898,JULIET,Female
899,JULIET,Female
900,JULIET,Female
901,JULIET,Female
902,JULIET,Female
903,JULIET,Female
904,JULIET,Female
905,JULIET,Female
906,JULIET,Female
907,JULIET,Female
908,JULIET,Female
909,JULIET,Female
910,ROMEO,Male
911,ROMEO,Male
912,JULIET,Female
913,JULIET,Female
914,JULIET,Female
915,ROMEO,Male
916,JULIET,Female
917,JULIET,Female
918,JULIET,Female
919,JULIET,Female
920,ROMEO,Male
921,JULIET,Female
922,JULIET,Female
923,JULIET,Female
924,JULIET,Female
925,JULIET,Female
926,JULIET,Female
927,JULIET,Female
928,JULIET,Female
929,JULIET,Female
930,ROMEO,Male
931,JULIET,Female
932,ROMEO,Male
933,JULIET,Female
934,JULIET,Female
935,ROMEO,Male
936,JULIET,Female
937,JULIET,Female
938,JULIET,Female
939,JULIET,Female
940,JULIET,Female
941,JULIET,Female
942,JULIET,Female
943,JULIET,Female
944,ROMEO,Male
945,ROMEO,Male
946,ROMEO,Male
947,JULIET,Female
948,JULIET,Female
949,JULIET,Female
950,JULIET,Female
951,JULIET,Female
952,JULIET,Female
953,JULIET,Female
954,Nurse,Female
955,JULIET,Female
956,JULIET,Female
957,Nurse,Female
958,JULIET,Female
959,JULIET,Female
960,JULIET,Female
961,ROMEO,Male
962,JULIET,Female
963,ROMEO,Male
964,ROMEO,Male
965,ROMEO,Male
966,ROMEO,Male
967,JULIET,Female
968,JULIET,Female
969,JULIET,Female
970,JULIET,Female
971,JULIET,Female
972,JULIET,Female
973,ROMEO,Male
974,ROMEO,Male
975,ROMEO,Male
976,JULIET,Female
977,ROMEO,Male
978,JULIET,Female
979,JULIET,Female
980,ROMEO,Male
981,JULIET,Female
982,JULIET,Female
983,ROMEO,Male
984,JULIET,Female
985,JULIET,Female
986,ROMEO,Male
987,ROMEO,Male
988,JULIET,Female
989,JULIET,Female
990,JULIET,Female
991,JULIET,Female
992,JULIET,Female
993,JULIET,Female
994,ROMEO,Male
995,JULIET,Female
996,JULIET,Female
997,JULIET,Female
998,JULIET,Female
999,JULIET,Female
1000,ROMEO,Male
1001,ROMEO,Male
1002,ROMEO,Male
1003,ROMEO,Male
1004,FRIAR LAURENCE,Male
1005,FRIAR LAURENCE,Male
1006,FRIAR LAURENCE,Male
1007,FRIAR LAURENCE,Male
1008,FRIAR LAURENCE,Male
1009,FRIAR LAURENCE,Male
1010,FRIAR LAURENCE,Male
1011,FRIAR LAURENCE,Male
1012,FRIAR LAURENCE,Male
1013,FRIAR LAURENCE,Male
1014,FRIAR LAURENCE,Male
1015,FRIAR LAURENCE,Male
1016,FRIAR LAURENCE,Male
1017,FRIAR LAURENCE,Male
1018,FRIAR LAURENCE,Male
1019,FRIAR LAURENCE,Male
1020,FRIAR LAURENCE,Male
1021,FRIAR LAURENCE,Male
1022,FRIAR LAURENCE,Male
1023,FRIAR LAURENCE,Male
1024,FRIAR LAURENCE,Male
1025,FRIAR LAURENCE,Male
1026,FRIAR LAURENCE,Male
1027,FRIAR LAURENCE,Male
1028,FRIAR LAURENCE,Male
1029,FRIAR LAURENCE,Male
1030,FRIAR LAURENCE,Male
1031,FRIAR LAURENCE,Male
1032,FRIAR LAURENCE,Male
1033,FRIAR LAURENCE,Male
1034,ROMEO,Male
1035,FRIAR LAURENCE,Male
1036,FRIAR LAURENCE,Male
1037,FRIAR LAURENCE,Male
1038,FRIAR LAURENCE,Male
1039,FRIAR LAURENCE,Male
1040,FRIAR LAURENCE,Male
1041,FRIAR LAURENCE,Male
1042,FRIAR LAURENCE,Male
1043,FRIAR LAURENCE,Male
1044,FRIAR LAURENCE,Male
1045,FRIAR LAURENCE,Male
1046,FRIAR LAURENCE,Male
1047,ROMEO,Male
1048,FRIAR LAURENCE,Male
1049,ROMEO,Male
1050,ROMEO,Male
1051,FRIAR LAURENCE,Male
1052,ROMEO,Male
1053,ROMEO,Male
1054,ROMEO,Male
1055,ROMEO,Male
1056,ROMEO,Male
1057,ROMEO,Male
1058,ROMEO,Male
1059,FRIAR LAURENCE,Male
1060,FRIAR LAURENCE,Male
1061,ROMEO,Male
1062,ROMEO,Male
1063,ROMEO,Male
1064,ROMEO,Male
1065,ROMEO,Male
1066,ROMEO,Male
1067,ROMEO,Male
1068,ROMEO,Male
1069,FRIAR LAURENCE,Male
1070,FRIAR LAURENCE,Male
1071,FRIAR LAURENCE,Male
1072,FRIAR LAURENCE,Male
1073,FRIAR LAURENCE,Male
1074,FRIAR LAURENCE,Male
1075,FRIAR LAURENCE,Male
1076,FRIAR LAURENCE,Male
1077,FRIAR LAURENCE,Male
1078,FRIAR LAURENCE,Male
1079,FRIAR LAURENCE,Male
1080,FRIAR LAURENCE,Male
1081,FRIAR LAURENCE,Male
1082,FRIAR LAURENCE,Male
1083,FRIAR LAURENCE,Male
1084,FRIAR LAURENCE,Male
1085,ROMEO,Male
1086,FRIAR LAURENCE,Male
1087,ROMEO,Male
1088,FRIAR LAURENCE,Male
1089,FRIAR LAURENCE,Male
1090,ROMEO,Male
1091,ROMEO,Male
1092,ROMEO,Male
1093,FRIAR LAURENCE,Male
1094,FRIAR LAURENCE,Male
1095,FRIAR LAURENCE,Male
1096,FRIAR LAURENCE,Male
1097,FRIAR LAURENCE,Male
1098,FRIAR LAURENCE,Male
1099,ROMEO,Male
1100,FRIAR LAURENCE,Male
1101,MERCUTIO,Male
1102,MERCUTIO,Male
1103,BENVOLIO,Male
1104,MERCUTIO,Male
1105,MERCUTIO,Male
1106,BENVOLIO,Male
1107,BENVOLIO,Male
1108,MERCUTIO,Male
1109,BENVOLIO,Male
1110,MERCUTIO,Male
1111,BENVOLIO,Male
1112,BENVOLIO,Male
1113,MERCUTIO,Male
1114,MERCUTIO,Male
1115,MERCUTIO,Male
1116,MERCUTIO,Male
1117,MERCUTIO,Male
1118,BENVOLIO,Male
1119,MERCUTIO,Male
1120,MERCUTIO,Male
1121,MERCUTIO,Male
1122,MERCUTIO,Male
1123,MERCUTIO,Male
1124,MERCUTIO,Male
1125,MERCUTIO,Male
1126,MERCUTIO,Male
1127,MERCUTIO,Male
1128,BENVOLIO,Male
1129,MERCUTIO,Male
1130,MERCUTIO,Male
1131,MERCUTIO,Male
1132,MERCUTIO,Male
1133,MERCUTIO,Male
1134,MERCUTIO,Male
1135,MERCUTIO,Male
1136,MERCUTIO,Male
1137,MERCUTIO,Male
1138,BENVOLIO,Male
1139,MERCUTIO,Male
1140,MERCUTIO,Male
1141,MERCUTIO,Male
1142,MERCUTIO,Male
1143,MERCUTIO,Male
1144,MERCUTIO,Male
1145,MERCUTIO,Male
1146,MERCUTIO,Male
1147,MERCUTIO,Male
1148,MERCUTIO,Male
1149,ROMEO,Male
1150,MERCUTIO,Male
1151,ROMEO,Male
1152,ROMEO,Male
1153,MERCUTIO,Male
1154,MERCUTIO,Male
1155,ROMEO,Male
1156,MERCUTIO,Male
1157,ROMEO,Male
1158,MERCUTIO,Male
1159,ROMEO,Male
1160,MERCUTIO,Male
1161,ROMEO,Male
1162,MERCUTIO,Male
1163,MERCUTIO,Male
1164,MERCUTIO,Male
1165,ROMEO,Male
1166,ROMEO,Male
1167,MERCUTIO,Male
1168,ROMEO,Male
1169,MERCUTIO,Male
1170,MERCUTIO,Male
1171,MERCUTIO,Male
1172,MERCUTIO,Male
1173,ROMEO,Male
1174,ROMEO,Male
1175,MERCUTIO,Male
1176,ROMEO,Male
1177,MERCUTIO,Male
1178,MERCUTIO,Male
1179,ROMEO,Male
1180,MERCUTIO,Male
1181,MERCUTIO,Male
1182,ROMEO,Male
1183,ROMEO,Male
1184,MERCUTIO,Male
1185,MERCUTIO,Male
1186,MERCUTIO,Male
1187,MERCUTIO,Male
1188,MERCUTIO,Male
1189,BENVOLIO,Male
1190,MERCUTIO,Male
1191,BENVOLIO,Male
1192,MERCUTIO,Male
1193,MERCUTIO,Male
1194,MERCUTIO,Male
1195,ROMEO,Male
1196,MERCUTIO,Male
1197,BENVOLIO,Male
1198,Nurse,Female
1199,PETER,Male
1200,Nurse,Female
1201,MERCUTIO,Male
1202,MERCUTIO,Male
1203,Nurse,Female
1204,MERCUTIO,Male
1205,Nurse,Female
1206,MERCUTIO,Male
1207,MERCUTIO,Male
1208,Nurse,Female
1209,ROMEO,Male
1210,ROMEO,Male
1211,Nurse,Female
1212,Nurse,Female
1213,Nurse,Female
1214,ROMEO,Male
1215,ROMEO,Male
1216,ROMEO,Male
1217,Nurse,Female
1218,MERCUTIO,Male
1219,MERCUTIO,Male
1220,Nurse,Female
1221,Nurse,Female
1222,BENVOLIO,Male
1223,MERCUTIO,Male
1224,ROMEO,Male
1225,MERCUTIO,Male
1226,MERCUTIO,Male
1227,MERCUTIO,Male
1228,MERCUTIO,Male
1229,MERCUTIO,Male
1230,MERCUTIO,Male
1231,MERCUTIO,Male
1232,MERCUTIO,Male
1233,MERCUTIO,Male
1234,MERCUTIO,Male
1235,ROMEO,Male
1236,MERCUTIO,Male
1237,MERCUTIO,Male
1238,Nurse,Female
1239,Nurse,Female
1240,ROMEO,Male
1241,ROMEO,Male
1242,ROMEO,Male
1243,Nurse,Female
1244,Nurse,Female
1245,Nurse,Female
1246,Nurse,Female
1247,Nurse,Female
1248,Nurse,Female
1249,PETER,Male
1250,PETER,Male
1251,PETER,Male
1252,PETER,Male
1253,Nurse,Female
1254,Nurse,Female
1255,Nurse,Female
1256,Nurse,Female
1257,Nurse,Female
1258,Nurse,Female
1259,Nurse,Female
1260,Nurse,Female
1261,Nurse,Female
1262,Nurse,Female
1263,ROMEO,Male
1264,ROMEO,Male
1265,Nurse,Female
1266,Nurse,Female
1267,ROMEO,Male
1268,Nurse,Female
1269,Nurse,Female
1270,ROMEO,Male
1271,ROMEO,Male
1272,ROMEO,Male
1273,ROMEO,Male
1274,Nurse,Female
1275,ROMEO,Male
1276,Nurse,Female
1277,ROMEO,Male
1278,ROMEO,Male
1279,ROMEO,Male
1280,ROMEO,Male
1281,ROMEO,Male
1282,ROMEO,Male
1283,ROMEO,Male
1284,Nurse,Female
1285,ROMEO,Male
1286,Nurse,Female
1287,Nurse,Female
1288,ROMEO,Male
1289,NURSE,Female
1290,NURSE,Female
1291,NURSE,Female
1292,NURSE,Female
1293,NURSE,Female
1294,NURSE,Female
1295,NURSE,Female
1296,NURSE,Female
1297,NURSE,Female
1298,ROMEO,Male
1299,Nurse,Female
1300,Nurse,Female
1301,Nurse,Female
1302,Nurse,Female
1303,Nurse,Female
1304,ROMEO,Male
1305,Nurse,Female
1306,Nurse,Female
1307,PETER,Male
1308,Nurse,Female
1309,JULIET,Female
1310,JULIET,Female
1311,JULIET,Female
1312,JULIET,Female
1313,JULIET,Female
1314,JULIET,Female
1315,JULIET,Female
1316,JULIET,Female
1317,JULIET,Female
1318,JULIET,Female
1319,JULIET,Female
1320,JULIET,Female
1321,JULIET,Female
1322,JULIET,Female
1323,JULIET,Female
1324,JULIET,Female
1325,JULIET,Female
1326,JULIET,Female
1327,JULIET,Female
1328,JULIET,Female
1329,Nurse,Female
1330,JULIET,Female
1331,JULIET,Female
1332,JULIET,Female
1333,JULIET,Female
1334,Nurse,Female
1335,Nurse,Female
1336,JULIET,Female
1337,JULIET,Female
1338,Nurse,Female
1339,Nurse,Female
1340,JULIET,Female
1341,JULIET,Female
1342,JULIET,Female
1343,JULIET,Female
1344,JULIET,Female
1345,JULIET,Female
1346,JULIET,Female
1347,Nurse,Female
1348,Nurse,Female
1349,Nurse,Female
1350,Nurse,Female
1351,Nurse,Female
1352,Nurse,Female
1353,Nurse,Female
1354,Nurse,Female
1355,JULIET,Female
1356,JULIET,Female
1357,Nurse,Female
1358,Nurse,Female
1359,Nurse,Female
1360,Nurse,Female
1361,Nurse,Female
1362,JULIET,Female
1363,JULIET,Female
1364,Nurse,Female
1365,Nurse,Female
1366,Nurse,Female
1367,JULIET,Female
1368,JULIET,Female
1369,JULIET,Female
1370,JULIET,Female
1371,Nurse,Female
1372,Nurse,Female
1373,Nurse,Female
1374,Nurse,Female
1375,JULIET,Female
1376,Nurse,Female
1377,JULIET,Female
1378,Nurse,Female
1379,Nurse,Female
1380,Nurse,Female
1381,Nurse,Female
1382,Nurse,Female
1383,Nurse,Female
1384,Nurse,Female
1385,Nurse,Female
1386,Nurse,Female
1387,Nurse,Female
1388,JULIET,Female
1389,FRIAR LAURENCE,Male
1390,FRIAR LAURENCE,Male
1391,ROMEO,Male
1392,ROMEO,Male
1393,ROMEO,Male
1394,ROMEO,Male
1395,ROMEO,Male
1396,ROMEO,Male
1397,FRIAR LAURENCE,Male
1398,FRIAR LAURENCE,Male
1399,FRIAR LAURENCE,Male
1400,FRIAR LAURENCE,Male
1401,FRIAR LAURENCE,Male
1402,FRIAR LAURENCE,Male
1403,FRIAR LAURENCE,Male
1404,FRIAR LAURENCE,Male
1405,FRIAR LAURENCE,Male
1406,FRIAR LAURENCE,Male
1407,FRIAR LAURENCE,Male
1408,FRIAR LAURENCE,Male
1409,JULIET,Female
1410,FRIAR LAURENCE,Male
1411,JULIET,Female
1412,ROMEO,Male
1413,ROMEO,Male
1414,ROMEO,Male
1415,ROMEO,Male
1416,ROMEO,Male
1417,ROMEO,Male
1418,JULIET,Female
1419,JULIET,Female
1420,JULIET,Female
1421,JULIET,Female
1422,JULIET,Female
1423,FRIAR LAURENCE,Male
1424,FRIAR LAURENCE,Male
1425,FRIAR LAURENCE,Male
1426,BENVOLIO,Male
1427,BENVOLIO,Male
1428,BENVOLIO,Male
1429,BENVOLIO,Male
1430,MERCUTIO,Male
1431,MERCUTIO,Male
1432,MERCUTIO,Male
1433,MERCUTIO,Male
1434,MERCUTIO,Male
1435,BENVOLIO,Male
1436,MERCUTIO,Male
1437,MERCUTIO,Male
1438,MERCUTIO,Male
1439,BENVOLIO,Male
1440,MERCUTIO,Male
1441,MERCUTIO,Male
1442,MERCUTIO,Male
1443,MERCUTIO,Male
1444,MERCUTIO,Male
1445,MERCUTIO,Male
1446,MERCUTIO,Male
1447,MERCUTIO,Male
1448,MERCUTIO,Male
1449,MERCUTIO,Male
1450,MERCUTIO,Male
1451,MERCUTIO,Male
1452,MERCUTIO,Male
1453,MERCUTIO,Male
1454,MERCUTIO,Male
1455,MERCUTIO,Male
1456,BENVOLIO,Male
1457,BENVOLIO,Male
1458,MERCUTIO,Male
1459,BENVOLIO,Male
1460,MERCUTIO,Male
1461,TYBALT,Male
1462,TYBALT,Male
1463,MERCUTIO,Male
1464,MERCUTIO,Male
1465,TYBALT,Male
1466,TYBALT,Male
1467,MERCUTIO,Male
1468,TYBALT,Male
1469,MERCUTIO,Male
1470,MERCUTIO,Male
1471,MERCUTIO,Male
1472,MERCUTIO,Male
1473,BENVOLIO,Male
1474,BENVOLIO,Male
1475,BENVOLIO,Male
1476,BENVOLIO,Male
1477,MERCUTIO,Male
1478,MERCUTIO,Male
1479,TYBALT,Male
1480,MERCUTIO,Male
1481,MERCUTIO,Male
1482,MERCUTIO,Male
1483,TYBALT,Male
1484,TYBALT,Male
1485,ROMEO,Male
1486,ROMEO,Male
1487,ROMEO,Male
1488,ROMEO,Male
1489,TYBALT,Male
1490,TYBALT,Male
1491,ROMEO,Male
1492,ROMEO,Male
1493,ROMEO,Male
1494,ROMEO,Male
1495,ROMEO,Male
1496,MERCUTIO,Male
1497,MERCUTIO,Male
1498,MERCUTIO,Male
1499,TYBALT,Male
1500,MERCUTIO,Male
1501,MERCUTIO,Male
1502,MERCUTIO,Male
1503,MERCUTIO,Male
1504,MERCUTIO,Male
1505,MERCUTIO,Male
1506,TYBALT,Male
1507,ROMEO,Male
1508,MERCUTIO,Male
1509,ROMEO,Male
1510,ROMEO,Male
1511,ROMEO,Male
1512,ROMEO,Male
1513,ROMEO,Male
1514,MERCUTIO,Male
1515,MERCUTIO,Male
1516,MERCUTIO,Male
1517,BENVOLIO,Male
1518,MERCUTIO,Male
1519,MERCUTIO,Male
1520,ROMEO,Male
1521,MERCUTIO,Male
1522,MERCUTIO,Male
1523,MERCUTIO,Male
1524,MERCUTIO,Male
1525,MERCUTIO,Male
1526,MERCUTIO,Male
1527,MERCUTIO,Male
1528,MERCUTIO,Male
1529,MERCUTIO,Male
1530,ROMEO,Male
1531,MERCUTIO,Male
1532,MERCUTIO,Male
1533,MERCUTIO,Male
1534,MERCUTIO,Male
1535,ROMEO,Male
1536,ROMEO,Male
1537,ROMEO,Male
1538,ROMEO,Male
1539,ROMEO,Male
1540,ROMEO,Male
1541,ROMEO,Male
1542,BENVOLIO,Male
1543,BENVOLIO,Male
1544,BENVOLIO,Male
1545,ROMEO,Male
1546,ROMEO,Male
1547,BENVOLIO,Male
1548,ROMEO,Male
1549,ROMEO,Male
1550,ROMEO,Male
1551,ROMEO,Male
1552,ROMEO,Male
1553,ROMEO,Male
1554,ROMEO,Male
1555,ROMEO,Male
1556,TYBALT,Male
1557,TYBALT,Male
1558,ROMEO,Male
1559,ROMEO,Male
1560,BENVOLIO,Male
1561,BENVOLIO,Male
1562,BENVOLIO,Male
1563,BENVOLIO,Male
1564,ROMEO,Male
1565,BENVOLIO,Male
1566,First Citizen,Undetermined
1567,First Citizen,Undetermined
1568,BENVOLIO,Male
1569,First Citizen,Undetermined
1570,First Citizen,Undetermined
1571,First Citizen,Undetermined
1572,PRINCE,Male
1573,BENVOLIO,Male
1574,BENVOLIO,Male
1575,BENVOLIO,Male
1576,BENVOLIO,Male
1577,LADY CAPULET,Female
1578,LADY CAPULET,Female
1579,LADY CAPULET,Female
1580,LADY CAPULET,Female
1581,LADY CAPULET,Female
1582,PRINCE,Male
1583,BENVOLIO,Male
1584,BENVOLIO,Male
1585,BENVOLIO,Male
1586,BENVOLIO,Male
1587,BENVOLIO,Male
1588,BENVOLIO,Male
1589,BENVOLIO,Male
1590,BENVOLIO,Male
1591,BENVOLIO,Male
1592,BENVOLIO,Male
1593,BENVOLIO,Male
1594,BENVOLIO,Male
1595,BENVOLIO,Male
1596,BENVOLIO,Male
1597,BENVOLIO,Male
1598,BENVOLIO,Male
1599,BENVOLIO,Male
1600,BENVOLIO,Male
1601,BENVOLIO,Male
1602,BENVOLIO,Male
1603,BENVOLIO,Male
1604,BENVOLIO,Male
1605,BENVOLIO,Male
1606,BENVOLIO,Male
1607,BENVOLIO,Male
1608,LADY CAPULET,Female
1609,LADY CAPULET,Female
1610,LADY CAPULET,Female
1611,LADY CAPULET,Female
1612,LADY CAPULET,Female
1613,LADY CAPULET,Female
1614,PRINCE,Male
1615,PRINCE,Male
1616,MONTAGUE,Male
1617,MONTAGUE,Male
1618,MONTAGUE,Male
1619,PRINCE,Male
1620,PRINCE,Male
1621,PRINCE,Male
1622,PRINCE,Male
1623,PRINCE,Male
1624,PRINCE,Male
1625,PRINCE,Male
1626,PRINCE,Male
1627,PRINCE,Male
1628,PRINCE,Male
1629,PRINCE,Male
1630,PRINCE,Male
1631,JULIET,Female
1632,JULIET,Female
1633,JULIET,Female
1634,JULIET,Female
1635,JULIET,Female
1636,JULIET,Female
1637,JULIET,Female
1638,JULIET,Female
1639,JULIET,Female
1640,JULIET,Female
1641,JULIET,Female
1642,JULIET,Female
1643,JULIET,Female
1644,JULIET,Female
1645,JULIET,Female
1646,JULIET,Female
1647,JULIET,Female
1648,JULIET,Female
1649,JULIET,Female
1650,JULIET,Female
1651,JULIET,Female
1652,JULIET,Female
1653,JULIET,Female
1654,JULIET,Female
1655,JULIET,Female
1656,JULIET,Female
1657,JULIET,Female
1658,JULIET,Female
1659,JULIET,Female
1660,JULIET,Female
1661,JULIET,Female
1662,JULIET,Female
1663,JULIET,Female
1664,JULIET,Female
1665,JULIET,Female
1666,Nurse,Female
1667,JULIET,Female
1668,Nurse,Female
1669,Nurse,Female
1670,Nurse,Female
1671,JULIET,Female
1672,Nurse,Female
1673,Nurse,Female
1674,Nurse,Female
1675,JULIET,Female
1676,JULIET,Female
1677,JULIET,Female
1678,JULIET,Female
1679,JULIET,Female
1680,JULIET,Female
1681,JULIET,Female
1682,JULIET,Female
1683,JULIET,Female
1684,Nurse,Female
1685,Nurse,Female
1686,Nurse,Female
1687,Nurse,Female
1688,Nurse,Female
1689,JULIET,Female
1690,JULIET,Female
1691,JULIET,Female
1692,JULIET,Female
1693,Nurse,Female
1694,Nurse,Female
1695,Nurse,Female
1696,JULIET,Female
1697,JULIET,Female
1698,JULIET,Female
1699,JULIET,Female
1700,JULIET,Female
1701,Nurse,Female
1702,Nurse,Female
1703,JULIET,Female
1704,Nurse,Female
1705,JULIET,Female
1706,JULIET,Female
1707,JULIET,Female
1708,JULIET,Female
1709,JULIET,Female
1710,JULIET,Female
1711,JULIET,Female
1712,JULIET,Female
1713,JULIET,Female
1714,JULIET,Female
1715,JULIET,Female
1716,JULIET,Female
1717,JULIET,Female
1718,Nurse,Female
1719,Nurse,Female
1720,Nurse,Female
1721,Nurse,Female
1722,Nurse,Female
1723,Nurse,Female
1724,JULIET,Female
1725,JULIET,Female
1726,JULIET,Female
1727,JULIET,Female
1728,JULIET,Female
1729,JULIET,Female
1730,Nurse,Female
1731,JULIET,Female
1732,JULIET,Female
1733,JULIET,Female
1734,JULIET,Female
1735,JULIET,Female
1736,JULIET,Female
1737,JULIET,Female
1738,JULIET,Female
1739,JULIET,Female
1740,JULIET,Female
1741,JULIET,Female
1742,JULIET,Female
1743,JULIET,Female
1744,JULIET,Female
1745,JULIET,Female
1746,JULIET,Female
1747,JULIET,Female
1748,JULIET,Female
1749,JULIET,Female
1750,JULIET,Female
1751,JULIET,Female
1752,JULIET,Female
1753,JULIET,Female
1754,JULIET,Female
1755,JULIET,Female
1756,JULIET,Female
1757,JULIET,Female
1758,JULIET,Female
1759,JULIET,Female
1760,JULIET,Female
1761,JULIET,Female
1762,Nurse,Female
1763,Nurse,Female
1764,JULIET,Female
1765,JULIET,Female
1766,JULIET,Female
1767,JULIET,Female
1768,JULIET,Female
1769,JULIET,Female
1770,JULIET,Female
1771,JULIET,Female
1772,Nurse,Female
1773,Nurse,Female
1774,Nurse,Female
1775,Nurse,Female
1776,JULIET,Female
1777,JULIET,Female
1778,FRIAR LAURENCE,Male
1779,FRIAR LAURENCE,Male
1780,FRIAR LAURENCE,Male
1781,ROMEO,Male
1782,ROMEO,Male
1783,ROMEO,Male
1784,FRIAR LAURENCE,Male
1785,FRIAR LAURENCE,Male
1786,FRIAR LAURENCE,Male
1787,ROMEO,Male
1788,FRIAR LAURENCE,Male
1789,FRIAR LAURENCE,Male
1790,ROMEO,Male
1791,ROMEO,Male
1792,ROMEO,Male
1793,FRIAR LAURENCE,Male
1794,FRIAR LAURENCE,Male
1795,ROMEO,Male
1796,ROMEO,Male
1797,ROMEO,Male
1798,ROMEO,Male
1799,ROMEO,Male
1800,ROMEO,Male
1801,ROMEO,Male
1802,FRIAR LAURENCE,Male
1803,FRIAR LAURENCE,Male
1804,FRIAR LAURENCE,Male
1805,FRIAR LAURENCE,Male
1806,FRIAR LAURENCE,Male
1807,ROMEO,Male
1808,ROMEO,Male
1809,ROMEO,Male
1810,ROMEO,Male
1811,ROMEO,Male
1812,ROMEO,Male
1813,ROMEO,Male
1814,ROMEO,Male
1815,ROMEO,Male
1816,ROMEO,Male
1817,ROMEO,Male
1818,ROMEO,Male
1819,ROMEO,Male
1820,ROMEO,Male
1821,ROMEO,Male
1822,ROMEO,Male
1823,ROMEO,Male
1824,ROMEO,Male
1825,ROMEO,Male
1826,ROMEO,Male
1827,ROMEO,Male
1828,ROMEO,Male
1829,ROMEO,Male
1830,FRIAR LAURENCE,Male
1831,ROMEO,Male
1832,FRIAR LAURENCE,Male
1833,FRIAR LAURENCE,Male
1834,FRIAR LAURENCE,Male
1835,ROMEO,Male
1836,ROMEO,Male
1837,ROMEO,Male
1838,ROMEO,Male
1839,FRIAR LAURENCE,Male
1840,ROMEO,Male
1841,FRIAR LAURENCE,Male
1842,ROMEO,Male
1843,ROMEO,Male
1844,ROMEO,Male
1845,ROMEO,Male
1846,ROMEO,Male
1847,ROMEO,Male
1848,ROMEO,Male
1849,FRIAR LAURENCE,Male
1850,ROMEO,Male
1851,ROMEO,Male
1852,FRIAR LAURENCE,Male
1853,FRIAR LAURENCE,Male
1854,FRIAR LAURENCE,Male
1855,FRIAR LAURENCE,Male
1856,FRIAR LAURENCE,Male
1857,Nurse,Female
1858,Nurse,Female
1859,Nurse,Female
1860,FRIAR LAURENCE,Male
1861,Nurse,Female
1862,Nurse,Female
1863,FRIAR LAURENCE,Male
1864,Nurse,Female
1865,Nurse,Female
1866,Nurse,Female
1867,Nurse,Female
1868,Nurse,Female
1869,Nurse,Female
1870,Nurse,Female
1871,ROMEO,Male
1872,Nurse,Female
1873,ROMEO,Male
1874,ROMEO,Male
1875,ROMEO,Male
1876,ROMEO,Male
1877,ROMEO,Male
1878,ROMEO,Male
1879,Nurse,Female
1880,Nurse,Female
1881,Nurse,Female
1882,Nurse,Female
1883,ROMEO,Male
1884,ROMEO,Male
1885,ROMEO,Male
1886,ROMEO,Male
1887,ROMEO,Male
1888,ROMEO,Male
1889,ROMEO,Male
1890,FRIAR LAURENCE,Male
1891,FRIAR LAURENCE,Male
1892,FRIAR LAURENCE,Male
1893,FRIAR LAURENCE,Male
1894,FRIAR LAURENCE,Male
1895,FRIAR LAURENCE,Male
1896,FRIAR LAURENCE,Male
1897,FRIAR LAURENCE,Male
1898,FRIAR LAURENCE,Male
1899,FRIAR LAURENCE,Male
1900,FRIAR LAURENCE,Male
1901,FRIAR LAURENCE,Male
1902,FRIAR LAURENCE,Male
1903,FRIAR LAURENCE,Male
1904,FRIAR LAURENCE,Male
1905,FRIAR LAURENCE,Male
1906,FRIAR LAURENCE,Male
1907,FRIAR LAURENCE,Male
1908,FRIAR LAURENCE,Male
1909,FRIAR LAURENCE,Male
1910,FRIAR LAURENCE,Male
1911,FRIAR LAURENCE,Male
1912,FRIAR LAURENCE,Male
1913,FRIAR LAURENCE,Male
1914,FRIAR LAURENCE,Male
1915,FRIAR LAURENCE,Male
1916,FRIAR LAURENCE,Male
1917,FRIAR LAURENCE,Male
1918,FRIAR LAURENCE,Male
1919,FRIAR LAURENCE,Male
1920,FRIAR LAURENCE,Male
1921,FRIAR LAURENCE,Male
1922,FRIAR LAURENCE,Male
1923,FRIAR LAURENCE,Male
1924,FRIAR LAURENCE,Male
1925,FRIAR LAURENCE,Male
1926,FRIAR LAURENCE,Male
1927,FRIAR LAURENCE,Male
1928,FRIAR LAURENCE,Male
1929,FRIAR LAURENCE,Male
1930,FRIAR LAURENCE,Male
1931,FRIAR LAURENCE,Male
1932,FRIAR LAURENCE,Male
1933,FRIAR LAURENCE,Male
1934,FRIAR LAURENCE,Male
1935,FRIAR LAURENCE,Male
1936,FRIAR LAURENCE,Male
1937,FRIAR LAURENCE,Male
1938,FRIAR LAURENCE,Male
1939,FRIAR LAURENCE,Male
1940,FRIAR LAURENCE,Male
1941,Nurse,Female
1942,Nurse,Female
1943,Nurse,Female
1944,ROMEO,Male
1945,Nurse,Female
1946,Nurse,Female
1947,ROMEO,Male
1948,FRIAR LAURENCE,Male
1949,FRIAR LAURENCE,Male
1950,FRIAR LAURENCE,Male
1951,FRIAR LAURENCE,Male
1952,FRIAR LAURENCE,Male
1953,FRIAR LAURENCE,Male
1954,FRIAR LAURENCE,Male
1955,ROMEO,Male
1956,ROMEO,Male
1957,CAPULET,Male
1958,CAPULET,Male
1959,CAPULET,Male
1960,CAPULET,Male
1961,CAPULET,Male
1962,CAPULET,Male
1963,CAPULET,Male
1964,PARIS,Male
1965,PARIS,Male
1966,LADY CAPULET,Female
1967,LADY CAPULET,Female
1968,CAPULET,Male
1969,CAPULET,Male
1970,CAPULET,Male
1971,CAPULET,Male
1972,CAPULET,Male
1973,CAPULET,Male
1974,CAPULET,Male
1975,PARIS,Male
1976,CAPULET,Male
1977,CAPULET,Male
1978,CAPULET,Male
1979,CAPULET,Male
1980,CAPULET,Male
1981,CAPULET,Male
1982,CAPULET,Male
1983,CAPULET,Male
1984,CAPULET,Male
1985,CAPULET,Male
1986,PARIS,Male
1987,CAPULET,Male
1988,CAPULET,Male
1989,CAPULET,Male
1990,CAPULET,Male
1991,CAPULET,Male
1992,CAPULET,Male
1993,CAPULET,Male
1994,JULIET,Female
1995,JULIET,Female
1996,JULIET,Female
1997,JULIET,Female
1998,JULIET,Female
1999,ROMEO,Male
2000,ROMEO,Male
2001,ROMEO,Male
2002,ROMEO,Male
2003,ROMEO,Male
2004,ROMEO,Male
2005,JULIET,Female
2006,JULIET,Female
2007,JULIET,Female
2008,JULIET,Female
2009,JULIET,Female
2010,ROMEO,Male
2011,ROMEO,Male
2012,ROMEO,Male
2013,ROMEO,Male
2014,ROMEO,Male
2015,ROMEO,Male
2016,ROMEO,Male
2017,ROMEO,Male
2018,ROMEO,Male
2019,JULIET,Female
2020,JULIET,Female
2021,JULIET,Female
2022,JULIET,Female
2023,JULIET,Female
2024,JULIET,Female
2025,JULIET,Female
2026,JULIET,Female
2027,JULIET,Female
2028,JULIET,Female
2029,ROMEO,Male
2030,Nurse,Female
2031,JULIET,Female
2032,Nurse,Female
2033,Nurse,Female
2034,JULIET,Female
2035,ROMEO,Male
2036,JULIET,Female
2037,JULIET,Female
2038,JULIET,Female
2039,JULIET,Female
2040,JULIET,Female
2041,ROMEO,Male
2042,ROMEO,Male
2043,ROMEO,Male
2044,JULIET,Female
2045,ROMEO,Male
2046,ROMEO,Male
2047,JULIET,Female
2048,JULIET,Female
2049,JULIET,Female
2050,JULIET,Female
2051,ROMEO,Male
2052,ROMEO,Male
2053,JULIET,Female
2054,JULIET,Female
2055,JULIET,Female
2056,JULIET,Female
2057,JULIET,Female
2058,LADY CAPULET,Female
2059,JULIET,Female
2060,JULIET,Female
2061,JULIET,Female
2062,LADY CAPULET,Female
2063,JULIET,Female
2064,LADY CAPULET,Female
2065,LADY CAPULET,Female
2066,LADY CAPULET,Female
2067,LADY CAPULET,Female
2068,LADY CAPULET,Female
2069,JULIET,Female
2070,LADY CAPULET,Female
2071,LADY CAPULET,Female
2072,JULIET,Female
2073,JULIET,Female
2074,LADY CAPULET,Female
2075,LADY CAPULET,Female
2076,JULIET,Female
2077,LADY CAPULET,Female
2078,JULIET,Female
2079,JULIET,Female
2080,JULIET,Female
2081,LADY CAPULET,Female
2082,JULIET,Female
2083,JULIET,Female
2084,LADY CAPULET,Female
2085,LADY CAPULET,Female
2086,LADY CAPULET,Female
2087,LADY CAPULET,Female
2088,LADY CAPULET,Female
2089,LADY CAPULET,Female
2090,JULIET,Female
2091,JULIET,Female
2092,JULIET,Female
2093,JULIET,Female
2094,JULIET,Female
2095,JULIET,Female
2096,JULIET,Female
2097,JULIET,Female
2098,JULIET,Female
2099,JULIET,Female
2100,LADY CAPULET,Female
2101,LADY CAPULET,Female
2102,JULIET,Female
2103,JULIET,Female
2104,LADY CAPULET,Female
2105,LADY CAPULET,Female
2106,LADY CAPULET,Female
2107,LADY CAPULET,Female
2108,JULIET,Female
2109,LADY CAPULET,Female
2110,LADY CAPULET,Female
2111,LADY CAPULET,Female
2112,LADY CAPULET,Female
2113,JULIET,Female
2114,JULIET,Female
2115,JULIET,Female
2116,JULIET,Female
2117,JULIET,Female
2118,JULIET,Female
2119,JULIET,Female
2120,JULIET,Female
2121,LADY CAPULET,Female
2122,LADY CAPULET,Female
2123,CAPULET,Male
2124,CAPULET,Male
2125,CAPULET,Male
2126,CAPULET,Male
2127,CAPULET,Male
2128,CAPULET,Male
2129,CAPULET,Male
2130,CAPULET,Male
2131,CAPULET,Male
2132,CAPULET,Male
2133,CAPULET,Male
2134,CAPULET,Male
2135,CAPULET,Male
2136,LADY CAPULET,Female
2137,LADY CAPULET,Female
2138,CAPULET,Male
2139,CAPULET,Male
2140,CAPULET,Male
2141,CAPULET,Male
2142,CAPULET,Male
2143,JULIET,Female
2144,JULIET,Female
2145,JULIET,Female
2146,CAPULET,Male
2147,CAPULET,Male
2148,CAPULET,Male
2149,CAPULET,Male
2150,CAPULET,Male
2151,CAPULET,Male
2152,CAPULET,Male
2153,CAPULET,Male
2154,CAPULET,Male
2155,LADY CAPULET,Female
2156,JULIET,Female
2157,JULIET,Female
2158,CAPULET,Male
2159,CAPULET,Male
2160,CAPULET,Male
2161,CAPULET,Male
2162,CAPULET,Male
2163,CAPULET,Male
2164,CAPULET,Male
2165,CAPULET,Male
2166,CAPULET,Male
2167,Nurse,Female
2168,Nurse,Female
2169,CAPULET,Male
2170,CAPULET,Male
2171,Nurse,Female
2172,CAPULET,Male
2173,Nurse,Female
2174,CAPULET,Male
2175,CAPULET,Male
2176,CAPULET,Male
2177,LADY CAPULET,Female
2178,CAPULET,Male
2179,CAPULET,Male
2180,CAPULET,Male
2181,CAPULET,Male
2182,CAPULET,Male
2183,CAPULET,Male
2184,CAPULET,Male
2185,CAPULET,Male
2186,CAPULET,Male
2187,CAPULET,Male
2188,CAPULET,Male
2189,CAPULET,Male
2190,CAPULET,Male
2191,CAPULET,Male
2192,CAPULET,Male
2193,CAPULET,Male
2194,CAPULET,Male
2195,CAPULET,Male
2196,CAPULET,Male
2197,CAPULET,Male
2198,CAPULET,Male
2199,CAPULET,Male
2200,JULIET,Female
2201,JULIET,Female
2202,JULIET,Female
2203,JULIET,Female
2204,JULIET,Female
2205,JULIET,Female
2206,LADY CAPULET,Female
2207,LADY CAPULET,Female
2208,JULIET,Female
2209,JULIET,Female
2210,JULIET,Female
2211,JULIET,Female
2212,JULIET,Female
2213,JULIET,Female
2214,JULIET,Female
2215,JULIET,Female
2216,JULIET,Female
2217,Nurse,Female
2218,Nurse,Female
2219,Nurse,Female
2220,Nurse,Female
2221,Nurse,Female
2222,Nurse,Female
2223,Nurse,Female
2224,Nurse,Female
2225,Nurse,Female
2226,Nurse,Female
2227,Nurse,Female
2228,Nurse,Female
2229,Nurse,Female
2230,Nurse,Female
2231,JULIET,Female
2232,Nurse,Female
2233,Nurse,Female
2234,JULIET,Female
2235,Nurse,Female
2236,JULIET,Female
2237,JULIET,Female
2238,JULIET,Female
2239,JULIET,Female
2240,Nurse,Female
2241,JULIET,Female
2242,JULIET,Female
2243,JULIET,Female
2244,JULIET,Female
2245,JULIET,Female
2246,JULIET,Female
2247,JULIET,Female
2248,JULIET,Female
2249,FRIAR LAURENCE,Male
2250,PARIS,Male
2251,PARIS,Male
2252,FRIAR LAURENCE,Male
2253,FRIAR LAURENCE,Male
2254,PARIS,Male
2255,PARIS,Male
2256,PARIS,Male
2257,PARIS,Male
2258,PARIS,Male
2259,PARIS,Male
2260,PARIS,Male
2261,PARIS,Male
2262,PARIS,Male
2263,PARIS,Male
2264,FRIAR LAURENCE,Male
2265,FRIAR LAURENCE,Male
2266,PARIS,Male
2267,JULIET,Female
2268,PARIS,Male
2269,JULIET,Female
2270,FRIAR LAURENCE,Male
2271,PARIS,Male
2272,JULIET,Female
2273,PARIS,Male
2274,JULIET,Female
2275,PARIS,Male
2276,JULIET,Female
2277,JULIET,Female
2278,PARIS,Male
2279,JULIET,Female
2280,JULIET,Female
2281,PARIS,Male
2282,JULIET,Female
2283,JULIET,Female
2284,PARIS,Male
2285,JULIET,Female
2286,JULIET,Female
2287,JULIET,Female
2288,FRIAR LAURENCE,Male
2289,FRIAR LAURENCE,Male
2290,PARIS,Male
2291,PARIS,Male
2292,PARIS,Male
2293,JULIET,Female
2294,JULIET,Female
2295,FRIAR LAURENCE,Male
2296,FRIAR LAURENCE,Male
2297,FRIAR LAURENCE,Male
2298,FRIAR LAURENCE,Male
2299,JULIET,Female
2300,JULIET,Female
2301,JULIET,Female
2302,JULIET,Female
2303,JULIET,Female
2304,JULIET,Female
2305,JULIET,Female
2306,JULIET,Female
2307,JULIET,Female
2308,JULIET,Female
2309,JULIET,Female
2310,JULIET,Female
2311,JULIET,Female
2312,JULIET,Female
2313,JULIET,Female
2314,JULIET,Female
2315,JULIET,Female
2316,JULIET,Female
2317,FRIAR LAURENCE,Male
2318,FRIAR LAURENCE,Male
2319,FRIAR LAURENCE,Male
2320,FRIAR LAURENCE,Male
2321,FRIAR LAURENCE,Male
2322,FRIAR LAURENCE,Male
2323,FRIAR LAURENCE,Male
2324,FRIAR LAURENCE,Male
2325,FRIAR LAURENCE,Male
2326,JULIET,Female
2327,JULIET,Female
2328,JULIET,Female
2329,JULIET,Female
2330,JULIET,Female
2331,JULIET,Female
2332,JULIET,Female
2333,JULIET,Female
2334,JULIET,Female
2335,JULIET,Female
2336,JULIET,Female
2337,JULIET,Female
2338,FRIAR LAURENCE,Male
2339,FRIAR LAURENCE,Male
2340,FRIAR LAURENCE,Male
2341,FRIAR LAURENCE,Male
2342,FRIAR LAURENCE,Male
2343,FRIAR LAURENCE,Male
2344,FRIAR LAURENCE,Male
2345,FRIAR LAURENCE,Male
2346,FRIAR LAURENCE,Male
2347,FRIAR LAURENCE,Male
2348,FRIAR LAURENCE,Male
2349,FRIAR LAURENCE,Male
2350,FRIAR LAURENCE,Male
2351,FRIAR LAURENCE,Male
2352,FRIAR LAURENCE,Male
2353,FRIAR LAURENCE,Male
2354,FRIAR LAURENCE,Male
2355,FRIAR LAURENCE,Male
2356,FRIAR LAURENCE,Male
2357,FRIAR LAURENCE,Male
2358,FRIAR LAURENCE,Male
2359,FRIAR LAURENCE,Male
2360,FRIAR LAURENCE,Male
2361,FRIAR LAURENCE,Male
2362,FRIAR LAURENCE,Male
2363,FRIAR LAURENCE,Male
2364,FRIAR LAURENCE,Male
2365,FRIAR LAURENCE,Male
2366,FRIAR LAURENCE,Male
2367,FRIAR LAURENCE,Male
2368,FRIAR LAURENCE,Male
2369,FRIAR LAURENCE,Male
2370,JULIET,Female
2371,FRIAR LAURENCE,Male
2372,FRIAR LAURENCE,Male
2373,FRIAR LAURENCE,Male
2374,JULIET,Female
2375,JULIET,Female
2376,CAPULET,Male
2377,CAPULET,Male
2378,Second Servant,Undetermined
2379,Second Servant,Undetermined
2380,CAPULET,Male
2381,Second Servant,Undetermined
2382,Second Servant,Undetermined
2383,Second Servant,Undetermined
2384,CAPULET,Male
2385,CAPULET,Male
2386,CAPULET,Male
2387,Nurse,Female
2388,CAPULET,Male
2389,CAPULET,Male
2390,Nurse,Female
2391,CAPULET,Male
2392,JULIET,Female
2393,JULIET,Female
2394,JULIET,Female
2395,JULIET,Female
2396,JULIET,Female
2397,JULIET,Female
2398,CAPULET,Male
2399,CAPULET,Male
2400,JULIET,Female
2401,JULIET,Female
2402,JULIET,Female
2403,CAPULET,Male
2404,CAPULET,Male
2405,CAPULET,Male
2406,CAPULET,Male
2407,CAPULET,Male
2408,JULIET,Female
2409,JULIET,Female
2410,JULIET,Female
2411,LADY CAPULET,Female
2412,CAPULET,Male
2413,LADY  CAPULET,Female
2414,LADY  CAPULET,Female
2415,CAPULET,Male
2416,CAPULET,Male
2417,CAPULET,Male
2418,CAPULET,Male
2419,CAPULET,Male
2420,CAPULET,Male
2421,CAPULET,Male
2422,CAPULET,Male
2423,CAPULET,Male
2424,JULIET,Female
2425,JULIET,Female
2426,JULIET,Female
2427,JULIET,Female
2428,JULIET,Female
2429,LADY CAPULET,Female
2430,JULIET,Female
2431,JULIET,Female
2432,JULIET,Female
2433,JULIET,Female
2434,JULIET,Female
2435,JULIET,Female
2436,LADY CAPULET,Female
2437,LADY CAPULET,Female
2438,JULIET,Female
2439,JULIET,Female
2440,JULIET,Female
2441,JULIET,Female
2442,JULIET,Female
2443,JULIET,Female
2444,JULIET,Female
2445,JULIET,Female
2446,JULIET,Female
2447,JULIET,Female
2448,JULIET,Female
2449,JULIET,Female
2450,JULIET,Female
2451,JULIET,Female
2452,JULIET,Female
2453,JULIET,Female
2454,JULIET,Female
2455,JULIET,Female
2456,JULIET,Female
2457,JULIET,Female
2458,JULIET,Female
2459,JULIET,Female
2460,JULIET,Female
2461,JULIET,Female
2462,JULIET,Female
2463,JULIET,Female
2464,JULIET,Female
2465,JULIET,Female
2466,JULIET,Female
2467,JULIET,Female
2468,JULIET,Female
2469,JULIET,Female
2470,JULIET,Female
2471,JULIET,Female
2472,JULIET,Female
2473,JULIET,Female
2474,JULIET,Female
2475,JULIET,Female
2476,JULIET,Female
2477,JULIET,Female
2478,JULIET,Female
2479,JULIET,Female
2480,JULIET,Female
2481,JULIET,Female
2482,JULIET,Female
2483,LADY CAPULET,Female
2484,Nurse,Female
2485,CAPULET,Male
2486,CAPULET,Male
2487,CAPULET,Male
2488,CAPULET,Male
2489,Nurse,Female
2490,Nurse,Female
2491,Nurse,Female
2492,CAPULET,Male
2493,CAPULET,Male
2494,LADY CAPULET,Female
2495,LADY CAPULET,Female
2496,CAPULET,Male
2497,CAPULET,Male
2498,CAPULET,Male
2499,First Servant,Undetermined
2500,CAPULET,Male
2501,CAPULET,Male
2502,CAPULET,Male
2503,Second Servant,Undetermined
2504,Second Servant,Undetermined
2505,CAPULET,Male
2506,CAPULET,Male
2507,CAPULET,Male
2508,CAPULET,Male
2509,CAPULET,Male
2510,CAPULET,Male
2511,CAPULET,Male
2512,CAPULET,Male
2513,CAPULET,Male
2514,Nurse,Female
2515,Nurse,Female
2516,Nurse,Female
2517,Nurse,Female
2518,Nurse,Female
2519,Nurse,Female
2520,Nurse,Female
2521,Nurse,Female
2522,Nurse,Female
2523,Nurse,Female
2524,Nurse,Female
2525,Nurse,Female
2526,Nurse,Female
2527,Nurse,Female
2528,Nurse,Female
2529,Nurse,Female
2530,LADY CAPULET,Female
2531,Nurse,Female
2532,LADY CAPULET,Female
2533,Nurse,Female
2534,LADY CAPULET,Female
2535,LADY CAPULET,Female
2536,LADY CAPULET,Female
2537,CAPULET,Male
2538,Nurse,Female
2539,LADY CAPULET,Female
2540,CAPULET,Male
2541,CAPULET,Male
2542,CAPULET,Male
2543,CAPULET,Male
2544,CAPULET,Male
2545,Nurse,Female
2546,LADY CAPULET,Female
2547,CAPULET,Male
2548,CAPULET,Male
2549,FRIAR LAURENCE,Male
2550,CAPULET,Male
2551,CAPULET,Male
2552,CAPULET,Male
2553,CAPULET,Male
2554,CAPULET,Male
2555,CAPULET,Male
2556,CAPULET,Male
2557,PARIS,Male
2558,PARIS,Male
2559,LADY CAPULET,Female
2560,LADY CAPULET,Female
2561,LADY CAPULET,Female
2562,LADY CAPULET,Female
2563,LADY CAPULET,Female
2564,LADY CAPULET,Female
2565,Nurse,Female
2566,Nurse,Female
2567,Nurse,Female
2568,Nurse,Female
2569,Nurse,Female
2570,Nurse,Female
2571,PARIS,Male
2572,PARIS,Male
2573,PARIS,Male
2574,PARIS,Male
2575,CAPULET,Male
2576,CAPULET,Male
2577,CAPULET,Male
2578,CAPULET,Male
2579,CAPULET,Male
2580,CAPULET,Male
2581,FRIAR LAURENCE,Male
2582,FRIAR LAURENCE,Male
2583,FRIAR LAURENCE,Male
2584,FRIAR LAURENCE,Male
2585,FRIAR LAURENCE,Male
2586,FRIAR LAURENCE,Male
2587,FRIAR LAURENCE,Male
2588,FRIAR LAURENCE,Male
2589,FRIAR LAURENCE,Male
2590,FRIAR LAURENCE,Male
2591,FRIAR LAURENCE,Male
2592,FRIAR LAURENCE,Male
2593,FRIAR LAURENCE,Male
2594,FRIAR LAURENCE,Male
2595,FRIAR LAURENCE,Male
2596,FRIAR LAURENCE,Male
2597,FRIAR LAURENCE,Male
2598,FRIAR LAURENCE,Male
2599,FRIAR LAURENCE,Male
2600,CAPULET,Male
2601,CAPULET,Male
2602,CAPULET,Male
2603,CAPULET,Male
2604,CAPULET,Male
2605,CAPULET,Male
2606,CAPULET,Male
2607,FRIAR LAURENCE,Male
2608,FRIAR LAURENCE,Male
2609,FRIAR LAURENCE,Male
2610,FRIAR LAURENCE,Male
2611,FRIAR LAURENCE,Male
2612,First Musician,Undetermined
2613,Nurse,Female
2614,Nurse,Female
2615,First Musician,Undetermined
2616,PETER,Male
2617,PETER,Male
2618,First Musician,Undetermined
2619,PETER,Male
2620,PETER,Male
2621,PETER,Male
2622,First Musician,Undetermined
2623,PETER,Male
2624,First Musician,Undetermined
2625,PETER,Male
2626,First Musician,Undetermined
2627,PETER,Male
2628,PETER,Male
2629,First Musician,Undetermined
2630,PETER,Male
2631,PETER,Male
2632,PETER,Male
2633,First Musician,Undetermined
2634,Second Musician,Undetermined
2635,PETER,Male
2636,PETER,Male
2637,PETER,Male
2638,PETER,Male
2639,PETER,Male
2640,PETER,Male
2641,PETER,Male
2642,PETER,Male
2643,Musician,Undetermined
2644,PETER,Male
2645,Second Musician,Undetermined
2646,PETER,Male
2647,Third Musician,Undetermined
2648,PETER,Male
2649,PETER,Male
2650,PETER,Male
2651,PETER,Male
2652,PETER,Male
2653,First Musician,Undetermined
2654,Second Musician,Undetermined
2655,Second Musician,Undetermined
2656,ROMEO,Male
2657,ROMEO,Male
2658,ROMEO,Male
2659,ROMEO,Male
2660,ROMEO,Male
2661,ROMEO,Male
2662,ROMEO,Male
2663,ROMEO,Male
2664,ROMEO,Male
2665,ROMEO,Male
2666,ROMEO,Male
2667,ROMEO,Male
2668,ROMEO,Male
2669,ROMEO,Male
2670,ROMEO,Male
2671,ROMEO,Male
2672,ROMEO,Male
2673,BALTHASAR,Male
2674,BALTHASAR,Male
2675,BALTHASAR,Male
2676,BALTHASAR,Male
2677,BALTHASAR,Male
2678,BALTHASAR,Male
2679,BALTHASAR,Male
2680,ROMEO,Male
2681,ROMEO,Male
2682,ROMEO,Male
2683,BALTHASAR,Male
2684,BALTHASAR,Male
2685,BALTHASAR,Male
2686,ROMEO,Male
2687,ROMEO,Male
2688,ROMEO,Male
2689,BALTHASAR,Male
2690,ROMEO,Male
2691,ROMEO,Male
2692,ROMEO,Male
2693,ROMEO,Male
2694,ROMEO,Male
2695,ROMEO,Male
2696,ROMEO,Male
2697,ROMEO,Male
2698,ROMEO,Male
2699,ROMEO,Male
2700,ROMEO,Male
2701,ROMEO,Male
2702,ROMEO,Male
2703,ROMEO,Male
2704,ROMEO,Male
2705,ROMEO,Male
2706,ROMEO,Male
2707,ROMEO,Male
2708,ROMEO,Male
2709,ROMEO,Male
2710,ROMEO,Male
2711,ROMEO,Male
2712,ROMEO,Male
2713,ROMEO,Male
2714,ROMEO,Male
2715,ROMEO,Male
2716,Apothecary,Male
2717,ROMEO,Male
2718,ROMEO,Male
2719,ROMEO,Male
2720,ROMEO,Male
2721,ROMEO,Male
2722,ROMEO,Male
2723,ROMEO,Male
2724,ROMEO,Male
2725,Apothecary,Male
2726,Apothecary,Male
2727,ROMEO,Male
2728,ROMEO,Male
2729,ROMEO,Male
2730,ROMEO,Male
2731,ROMEO,Male
2732,ROMEO,Male
2733,ROMEO,Male
2734,Apothecary,Male
2735,ROMEO,Male
2736,Apothecary,Male
2737,Apothecary,Male
2738,Apothecary,Male
2739,ROMEO,Male
2740,ROMEO,Male
2741,ROMEO,Male
2742,ROMEO,Male
2743,ROMEO,Male
2744,ROMEO,Male
2745,ROMEO,Male
2746,FRIAR JOHN,Male
2747,FRIAR LAURENCE,Male
2748,FRIAR LAURENCE,Male
2749,FRIAR LAURENCE,Male
2750,FRIAR JOHN,Male
2751,FRIAR JOHN,Male
2752,FRIAR JOHN,Male
2753,FRIAR JOHN,Male
2754,FRIAR JOHN,Male
2755,FRIAR JOHN,Male
2756,FRIAR JOHN,Male
2757,FRIAR JOHN,Male
2758,FRIAR LAURENCE,Male
2759,FRIAR JOHN,Male
2760,FRIAR JOHN,Male
2761,FRIAR JOHN,Male
2762,FRIAR LAURENCE,Male
2763,FRIAR LAURENCE,Male
2764,FRIAR LAURENCE,Male
2765,FRIAR LAURENCE,Male
2766,FRIAR LAURENCE,Male
2767,FRIAR LAURENCE,Male
2768,FRIAR JOHN,Male
2769,FRIAR LAURENCE,Male
2770,FRIAR LAURENCE,Male
2771,FRIAR LAURENCE,Male
2772,FRIAR LAURENCE,Male
2773,FRIAR LAURENCE,Male
2774,FRIAR LAURENCE,Male
2775,FRIAR LAURENCE,Male
2776,PARIS,Male
2777,PARIS,Male
2778,PARIS,Male
2779,PARIS,Male
2780,PARIS,Male
2781,PARIS,Male
2782,PARIS,Male
2783,PARIS,Male
2784,PARIS,Male
2785,PAGE,Undetermined
2786,PAGE,Undetermined
2787,PARIS,Male
2788,PARIS,Male
2789,PARIS,Male
2790,PARIS,Male
2791,PARIS,Male
2792,PARIS,Male
2793,PARIS,Male
2794,PARIS,Male
2795,PARIS,Male
2796,PARIS,Male
2797,ROMEO,Male
2798,ROMEO,Male
2799,ROMEO,Male
2800,ROMEO,Male
2801,ROMEO,Male
2802,ROMEO,Male
2803,ROMEO,Male
2804,ROMEO,Male
2805,ROMEO,Male
2806,ROMEO,Male
2807,ROMEO,Male
2808,ROMEO,Male
2809,ROMEO,Male
2810,ROMEO,Male
2811,ROMEO,Male
2812,ROMEO,Male
2813,ROMEO,Male
2814,ROMEO,Male
2815,BALTHASAR,Male
2816,ROMEO,Male
2817,ROMEO,Male
2818,BALTHASAR,Male
2819,BALTHASAR,Male
2820,ROMEO,Male
2821,ROMEO,Male
2822,ROMEO,Male
2823,ROMEO,Male
2824,PARIS,Male
2825,PARIS,Male
2826,PARIS,Male
2827,PARIS,Male
2828,PARIS,Male
2829,PARIS,Male
2830,PARIS,Male
2831,PARIS,Male
2832,PARIS,Male
2833,ROMEO,Male
2834,ROMEO,Male
2835,ROMEO,Male
2836,ROMEO,Male
2837,ROMEO,Male
2838,ROMEO,Male
2839,ROMEO,Male
2840,ROMEO,Male
2841,ROMEO,Male
2842,ROMEO,Male
2843,PARIS,Male
2844,PARIS,Male
2845,ROMEO,Male
2846,PAGE,Undetermined
2847,PARIS,Male
2848,PARIS,Male
2849,PARIS,Male
2850,ROMEO,Male
2851,ROMEO,Male
2852,ROMEO,Male
2853,ROMEO,Male
2854,ROMEO,Male
2855,ROMEO,Male
2856,ROMEO,Male
2857,ROMEO,Male
2858,ROMEO,Male
2859,ROMEO,Male
2860,ROMEO,Male
2861,ROMEO,Male
2862,ROMEO,Male
2863,ROMEO,Male
2864,ROMEO,Male
2865,ROMEO,Male
2866,ROMEO,Male
2867,ROMEO,Male
2868,ROMEO,Male
2869,ROMEO,Male
2870,ROMEO,Male
2871,ROMEO,Male
2872,ROMEO,Male
2873,ROMEO,Male
2874,ROMEO,Male
2875,ROMEO,Male
2876,ROMEO,Male
2877,ROMEO,Male
2878,ROMEO,Male
2879,ROMEO,Male
2880,ROMEO,Male
2881,ROMEO,Male
2882,ROMEO,Male
2883,ROMEO,Male
2884,ROMEO,Male
2885,ROMEO,Male
2886,ROMEO,Male
2887,ROMEO,Male
2888,ROMEO,Male
2889,ROMEO,Male
2890,ROMEO,Male
2891,ROMEO,Male
2892,ROMEO,Male
2893,ROMEO,Male
2894,ROMEO,Male
2895,ROMEO,Male
2896,ROMEO,Male
2897,ROMEO,Male
2898,FRIAR LAURENCE,Male
2899,FRIAR LAURENCE,Male
2900,BALTHASAR,Male
2901,FRIAR LAURENCE,Male
2902,FRIAR LAURENCE,Male
2903,FRIAR LAURENCE,Male
2904,FRIAR LAURENCE,Male
2905,BALTHASAR,Male
2906,BALTHASAR,Male
2907,FRIAR LAURENCE,Male
2908,BALTHASAR,Male
2909,FRIAR LAURENCE,Male
2910,BALTHASAR,Male
2911,FRIAR LAURENCE,Male
2912,BALTHASAR,Male
2913,BALTHASAR,Male
2914,BALTHASAR,Male
2915,BALTHASAR,Male
2916,FRIAR LAURENCE,Male
2917,FRIAR LAURENCE,Male
2918,BALTHASAR,Male
2919,BALTHASAR,Male
2920,BALTHASAR,Male
2921,FRIAR LAURENCE,Male
2922,FRIAR LAURENCE,Male
2923,FRIAR LAURENCE,Male
2924,FRIAR LAURENCE,Male
2925,FRIAR LAURENCE,Male
2926,FRIAR LAURENCE,Male
2927,FRIAR LAURENCE,Male
2928,FRIAR LAURENCE,Male
2929,FRIAR LAURENCE,Male
2930,JULIET,Female
2931,JULIET,Female
2932,JULIET,Female
2933,FRIAR LAURENCE,Male
2934,FRIAR LAURENCE,Male
2935,FRIAR LAURENCE,Male
2936,FRIAR LAURENCE,Male
2937,FRIAR LAURENCE,Male
2938,FRIAR LAURENCE,Male
2939,FRIAR LAURENCE,Male
2940,FRIAR LAURENCE,Male
2941,FRIAR LAURENCE,Male
2942,FRIAR LAURENCE,Male
2943,JULIET,Female
2944,JULIET,Female
2945,JULIET,Female
2946,JULIET,Female
2947,JULIET,Female
2948,JULIET,Female
2949,JULIET,Female
2950,JULIET,Female
2951,First Watchman,Undetermined
2952,JULIET,Female
2953,JULIET,Female
2954,JULIET,Female
2955,PAGE,Undetermined
2956,First Watchman,Undetermined
2957,First Watchman,Undetermined
2958,First Watchman,Undetermined
2959,First Watchman,Undetermined
2960,First Watchman,Undetermined
2961,First Watchman,Undetermined
2962,First Watchman,Undetermined
2963,First Watchman,Undetermined
2964,First Watchman,Undetermined
2965,First Watchman,Undetermined
2966,Second Watchman,Undetermined
2967,First Watchman,Undetermined
2968,Third Watchman,Undetermined
2969,Third Watchman,Undetermined
2970,Third Watchman,Undetermined
2971,First Watchman,Undetermined
2972,PRINCE,Male
2973,PRINCE,Male
2974,CAPULET,Male
2975,LADY CAPULET,Female
2976,LADY CAPULET,Female
2977,LADY CAPULET,Female
2978,PRINCE,Male
2979,First Watchman,Undetermined
2980,First Watchman,Undetermined
2981,First Watchman,Undetermined
2982,PRINCE,Male
2983,First Watchman,Undetermined
2984,First Watchman,Undetermined
2985,First Watchman,Undetermined
2986,CAPULET,Male
2987,CAPULET,Male
2988,CAPULET,Male
2989,CAPULET,Male
2990,LADY CAPULET,Female
2991,LADY CAPULET,Female
2992,PRINCE,Male
2993,PRINCE,Male
2994,MONTAGUE,Male
2995,MONTAGUE,Male
2996,MONTAGUE,Male
2997,PRINCE,Male
2998,MONTAGUE,Male
2999,MONTAGUE,Male
3000,PRINCE,Male
3001,PRINCE,Male
3002,PRINCE,Male
3003,PRINCE,Male
3004,PRINCE,Male
3005,PRINCE,Male
3006,PRINCE,Male
3007,PRINCE,Male
3008,FRIAR LAURENCE,Male
3009,FRIAR LAURENCE,Male
3010,FRIAR LAURENCE,Male
3011,FRIAR LAURENCE,Male
3012,FRIAR LAURENCE,Male
3013,PRINCE,Male
3014,FRIAR LAURENCE,Male
3015,FRIAR LAURENCE,Male
3016,FRIAR LAURENCE,Male
3017,FRIAR LAURENCE,Male
3018,FRIAR LAURENCE,Male
3019,FRIAR LAURENCE,Male
3020,FRIAR LAURENCE,Male
3021,FRIAR LAURENCE,Male
3022,FRIAR LAURENCE,Male
3023,FRIAR LAURENCE,Male
3024,FRIAR LAURENCE,Male
3025,FRIAR LAURENCE,Male
3026,FRIAR LAURENCE,Male
3027,FRIAR LAURENCE,Male
3028,FRIAR LAURENCE,Male
3029,FRIAR LAURENCE,Male
3030,FRIAR LAURENCE,Male
3031,FRIAR LAURENCE,Male
3032,FRIAR LAURENCE,Male
3033,FRIAR LAURENCE,Male
3034,FRIAR LAURENCE,Male
3035,FRIAR LAURENCE,Male
3036,FRIAR LAURENCE,Male
3037,FRIAR LAURENCE,Male
3038,FRIAR LAURENCE,Male
3039,FRIAR LAURENCE,Male
3040,FRIAR LAURENCE,Male
3041,FRIAR LAURENCE,Male
3042,FRIAR LAURENCE,Male
3043,FRIAR LAURENCE,Male
3044,FRIAR LAURENCE,Male
3045,FRIAR LAURENCE,Male
3046,FRIAR LAURENCE,Male
3047,FRIAR LAURENCE,Male
3048,FRIAR LAURENCE,Male
3049,FRIAR LAURENCE,Male
3050,FRIAR LAURENCE,Male
3051,FRIAR LAURENCE,Male
3052,FRIAR LAURENCE,Male
3053,FRIAR LAURENCE,Male
3054,FRIAR LAURENCE,Male
3055,PRINCE,Male
3056,PRINCE,Male
3057,BALTHASAR,Male
3058,BALTHASAR,Male
3059,BALTHASAR,Male
3060,BALTHASAR,Male
3061,BALTHASAR,Male
3062,BALTHASAR,Male
3063,PRINCE,Male
3064,PRINCE,Male
3065,PRINCE,Male
3066,PAGE,Undetermined
3067,PAGE,Undetermined
3068,PAGE,Undetermined
3069,PAGE,Undetermined
3070,PAGE,Undetermined
3071,PRINCE,Male
3072,PRINCE,Male
3073,PRINCE,Male
3074,PRINCE,Male
3075,PRINCE,Male
3076,PRINCE,Male
3077,PRINCE,Male
3078,PRINCE,Male
3079,PRINCE,Male
3080,PRINCE,Male
3081,CAPULET,Male
3082,CAPULET,Male
3083,CAPULET,Male
3084,MONTAGUE,Male
3085,MONTAGUE,Male
3086,MONTAGUE,Male
3087,MONTAGUE,Male
3088,MONTAGUE,Male
3089,CAPULET,Male
3090,CAPULET,Male
3091,PRINCE,Male
3092,PRINCE,Male
3093,PRINCE,Male
3094,PRINCE,Male
3095,PRINCE,Male
3096,PRINCE,Male
