Ship,Flag
Black Assarca shipwreck,Unknown
Globe Star,Singapore
Gulland,Aden
Mtongwe,Tanzania
Katina P,Greece
Sunny South,Royal Navy
Achille Lauro,Italy
U-852,Kriegsmarine
SMS Königsberg,Imperial German Navy
HMS Pegasus,Royal Navy
Spice Islander I,Tanzania
Bukoba,Tanzania
Kabalega,Uganda
Robert Coryndon,The Protectorate of Uganda
Adventure Galley,England
HMS Serapis,Royal Navy
HMS Algerine,Royal Navy
City of Venice,Royal Navy
HMS Ibis,Royal Navy
HMS Karanja,Royal Navy
USS Leedstown,United States Navy
HMCS Louisburg,Royal Canadian Navy
HMT Narkunda,Royal Navy
HMT Rohna,Royal Navy
HMS Samphire,Royal Navy
Strathallen,Royal Navy
HMS Attack,Royal Navy
HMS Defender,Royal Navy
L'Orient,French Navy
HMS Myngs,Royal Navy
Salem Express,France
HMS Salvia,Royal Navy
Yolanda (Jolanda),Cyprus
HMS Dainty,Royal Navy
HMS Ladybird,Royal Navy
Shuntien,Royal Navy
HMS Sikh,Royal Navy
HMS Terror,Royal Navy
U-652,Kriegsmarine
Yoma,Royal Navy
Commerce,United States
Delhi,United Kingdom
Empire Barracuda,United Kingdom
USS Hugh L. Scott,United States Navy
HMS Lady Shirley,Royal Navy
USS Tasker H. Bliss,United States Navy
Taube,Germany
U-173,Kriegsmarine
U-204,Kriegsmarine
U-731,Kriegsmarine
U-732,Kriegsmarine
HMS Havock,Royal Navy
HMS Hostile,Royal Navy
Mahdia,Unknown
HMS Manchester,Royal Navy
USS PC-496,United States Navy
USS Redwing,United States Navy
Bom Jesus,Portugal
Dunedin Star,United Kingdom
Eduard Bohlen,Germany
Frotamerica,Unknown
,Natal Coast
Bredenhof,Dutch East India Company
Cordigliera,Unknown
Doddington,East India Company
Grosvenor,East India Company
Kapodistrias,Greece
Kiperousa,Unknown
Meng Yaw,Unknown
Oceanos,Greece
Santissimo Sacramento,Portugal
Shalom,Bahamas
TMP Sagittarius,Unknown
HMS Otus,Royal Navy
Phoenix,Equatorial Guinea
Volo,Norway
A.H. Stevens,Unknown
Arniston,East India Company
HMS Birkenhead,Royal Navy
BOS 400,France
British Peer,United Kingdom
Cospatrick,United Kingdom
HMS Guardian,Royal Navy
Ikan Tanda,Singapore
Joanna,East India Company
Johanna Wagner,Prussia
Kakapo,United Kingdom
Maori,United Kingdom
Meisho Maru No. 38,Japan
Nolloth,Unknown
Pantalis A Lemos,Unknown
HMS Pelorus,Royal Navy
SAS President Kruger,South African Navy
São José Paquete Africa,Portugal
HMS Sceptre,Royal Navy
Seli 1,Turkey
Staaten Generaal,Batavian Republic
HMS Thames,Royal Navy
Thomas T. Tucker,United States
Treasure,Panama
Wafra,Liberia
Waterloo,United Kingdom
Diemermeer,Dutch East India Company
George,Nigeria
Hartwell,East India Company
Joola,Senegal
Medusa,Kingdom of France
Primauguet,French Navy
Tor Hugo,Norway
William D. Lawrence,Canada
Fifi,Bahrain
Unknown,Unknown
Demas Victory,United Arab Emirates
Free Enterprise,Egypt
Glen Sannox,Panama
Saudi Golden Arrow,Unknown
Allah Mina,Unknown
Dara,United Kingdom
Aden,United Kingdom
Hutton,Unknown
HMS Khartoum,Royal Navy
HMIS Jamnagar,Indian Navy
USS Salute,United States Navy
HMIS Indus,Indian Navy
Amatsukaze,Imperial Japanese Navy
SMS Cormoran,Imperial German Navy
Dashun,China
Dingyuan,Imperial Chinese Navy
Dongfang zhi Xing,China
Huaguangjiao One,Unknown
Jingyuan,Imperial Chinese Navy
Jiyuan,Imperial Chinese Navy
Kaimon,Imperial Chinese Navy
Laiyuan,Imperial Chinese Navy
Nan'ao One,Unknown
Nanhai One,Unknown
Ōshima,Imperial Japanese Navy
Petropavlovsk,Imperial Russian Navy
Red Star 312,China
Rong Jian,China
Sevastopol,Imperial Russian Navy
Wanjiao One,Unknown
HMAS Armidale,Royal Australian Navy
HMAS Voyager,Royal Australian Navy
Bokhara,United Kingdom
Fatshan,Hong Kong
RMS Queen Elizabeth,United Kingdom
Lamma IV,Hong Kong
Neftegaz-67,Ukraine
PNS Ghazi,Pakistan Navy
The Kadakkarapally Boat,Unknown
Stakesby,United Kingdom
HMS Alceste,Royal Navy
Amagiri,Imperial Japanese Navy
Aquila,Italy
Asagumo,Imperial Japanese Navy
Ashigara,Imperial Japanese Navy
Belitung shipwreck,Unknown
USS Bullhead,United States Navy
HNLMS De Ruyter,Royal Netherlands Navy
USS Edsall,United States Navy
HMS Electra,Royal Navy
HMS Encounter,Royal Navy
HMS Exeter,Royal Navy
Friendship,Great Britain
Hayanami,Imperial Japanese Navy
Hokaze,Imperial Japanese Navy
USS Houston,United States Navy
I-60,Imperial Japanese Navy
Inazuma,Imperial Japanese Navy
Isonami,Imperial Japanese Navy
Isuzu,Imperial Japanese Navy
Itsukushima,Imperial Japanese Navy
HNLMS Java,Royal Netherlands Navy
Junyō Maru,Imperial Japanese Navy
HMS Jupiter,Royal Navy
HNLMS K VII,Royal Netherlands Navy
HNLMS K XVIII,Royal Netherlands Navy
HNLMS Kortenaer,Royal Netherlands Navy
Lammermuir,United Kingdom
USS Langley,United States Navy
Levina 1,Indonesia
USAT Liberty,United States Army
HMS Li Wo,Royal Navy
Memnon,United States
Minazuki,Imperial Japanese Navy
Nadakaze,Imperial Japanese Navy
Natsushio,Imperial Japanese Navy
No. 2,Imperial Japanese Navy
Ocean,East India Company
USS Perch,United States Navy
HMAS Perth,Royal Australian Navy
USS Pope,United States Navy
USS S-36,United States Navy
San Flaviano,United Kingdom
Senopati Nusantara,Indonesia
Sierra Cordoba,United States
KMP Tampomas II,Indonesia
Tōhō Maru,Imperial Japanese Navy
Tsugaru,Imperial Japanese Navy
U-183,Kriegsmarine
U-537,Kriegsmarine
HNLMS Van Ghent,Royal Netherlands Navy
HNLMS Van Nes,Royal Netherlands Navy
Admiral Nakhimov,Imperial Russian Navy
Admiral Ushakov,Imperial Russian Navy
Aki,Imperial Japanese Navy
Aoba,Imperial Japanese Navy
Aoba Maru,Japan
Ariel,United States
USS Bates,United States Navy
Borodino,Imperial Russian Navy
Chishima,Imperial Japanese Navy
Chiyoda,Imperial Japanese Navy
Dakota,United States
USS Emmons,United States Navy
Ertuğrul,Ottoman Navy
USS Greene,United States Navy
I-58,Imperial Japanese Navy
I-157,Imperial Japanese Navy
Imperator Aleksandr III,Imperial Russian Navy
Kazu I,Japan
Kamikaze,Imperial Japanese Navy
Kawachi,Imperial Japanese Navy
Kiche Maru,Japan
Kitagawa Maru No.5,Japan
Knyaz Suvorov,Imperial Russian Navy
Lisbon Maru,Imperial Japanese Navy
Nagara,Imperial Japanese Navy
Nankai Maru,Japan
Nisshin,Imperial Japanese Navy
Nossa Senhora da Graça,Portugal
Numakaze,Imperial Japanese Navy
Okikaze,Imperial Japanese Navy
Oslyabya,Imperial Russian Navy
Otowa,Imperial Japanese Navy
Seiki,Imperial Japanese Navy
Sekirei Maru,Japan
Shiun Maru,Japan
USS Skylark,United States Navy
Sissoi Veliky,Imperial Russian Navy
USS Swallow,United States Navy
USS Tang,United States Navy
Tarumizu Maru No.6,Japan
Thor,Kriegsmarine
USS Thornton,United States Navy
Tofuku Maru,Imperial Japanese Navy
Tokiwa Maru,Japan
Tosa,Imperial Japanese Navy
Tōya Maru,Japan
Toyo Maru No 10,Japan
Tsushima Maru,Japan
Vladimir Monomakh,Imperial Russian Navy
Danny F II,Panama
HMS Victoria,Royal Navy
Atago Maru,Imperial Japanese Navy
Awazisan Maru,Imperial Japanese Navy
Haguro,Imperial Japanese Navy
Hatsutaka,Imperial Japanese Navy
Kuma,Imperial Japanese Navy
Kuroshio Maru,Japan
HMS Prince of Wales,Royal Navy
HMS Repulse,Royal Navy
HMS Stratagem,Royal Navy
Abukuma,Imperial Japanese Navy
Akebono,Imperial Japanese Navy
Akigumo,Imperial Japanese Navy
Akishimo,Imperial Japanese Navy
Akitsushima,Imperial Japanese Navy
Asakaze (1922),Imperial Japanese Navy
Asia South Korea,Philippines
Awa Maru,Imperial Japanese Navy
USS Barbel,United States Navy
Castilla,Spanish Navy
Cebu City,Philippines
China Maru,Japan
USS Cooper,United States Navy
USS Darter,United States Navy
Doña Marilyn,Philippines
Dumaguete J,Philippines
USS Flier,United States Navy
Fujinami,Imperial Japanese Navy
Hamanami,Imperial Japanese Navy
USS Harder,United States Navy
Hatsuharu,Imperial Japanese Navy
USS Hoel,United States Navy
USS Hovey,United States Navy
USS Indianapolis,United States Navy
Irako,Imperial Japanese Navy
Isuzu Maru,Imperial Japanese Navy
USS Johnston,United States Navy
Kazagumo,Imperial Japanese Navy
Kinu,Imperial Japanese Navy
Kiyoshimo,Imperial Japanese Navy
Kogyo Maru,Imperial Japanese Army
Kumano,Imperial Japanese Navy
Kyokuzan Maru,Imperial Japanese Army
USS Lanakai,United States Navy
USS Mahan,United States Navy
USS Majaba,United States Navy
Michishio,Imperial Japanese Navy
Ming Dynasty,Unknown
Mogami,Imperial Japanese Navy
Musashi,Imperial Japanese Navy
K-27,Soviet Navy
Niitaka,Imperial Japanese Navy
Sibiryakov,Soviet Navy
U-362,Kriegsmarine
U-639,Kriegsmarine
USS Wahoo,United States Navy
La Seyne,France
Chang Tyong-ho,South Korea
Hanseong-ho,South Korea
USS Magpie,United States Navy
Namyong ho,South Korea
Seohae,South Korea
Sewol,South Korea
Sperwer,VOC
Yeong-ho,South Korea
Ava,United Kingdom
British Sergeant,United Kingdom
Great Basses wreck,Mughal Empire
HMS Hollyhock,Royal Navy
Farah III,Jordan
HMS Tenedos,Royal Navy
HMAS Vampire,Royal Australian Navy
HMS Hermes,Royal Navy
HMCyS Vijaya,Royal Ceylon Navy
Hatakaze,Imperial Japanese Navy
Minekaze,Imperial Japanese Navy
King Cruiser,Thailand
Ocean Dream,Panama
HTMS Sukhothai,Royal Thai Navy
Alexandra,French Navy
Âsâr-ı Tevfik,Ottoman Navy
HMS Arno,Royal Navy
Bouvet,French Navy
SMS Breslau,Imperial German Navy
The Cape Gelidonya shipwreck,Unknown
Duchess of York,United Kingdom
HMS Majestic,Royal Navy
Mariotte,French Navy
Paris II,French Navy
HMS Raglan,Royal Navy
Refah,Turkey
Sakarya,Unknown
U-20,Kriegsmarine
Uluburun shipwreck,Unknown
Kashii,Imperial Japanese Navy
Nokaze,Imperial Japanese Navy
HMS Phoenix,Royal Navy
HMS Basilisk,Royal Navy
HMS Brilliant,Royal Navy
Z8 Bruno Heinemann,Kriegsmarine
SS Empire Blessing,United Kingdom
HMS Grafton,Royal Navy
MS Herald of Free Enterprise,United Kingdom
HMS LST-420,Royal Navy
U-5,Imperial German Navy
U-11,Imperial German Navy
UB-10,Imperial German Navy
UB-59,Imperial German Navy
UC-3,Imperial German Navy
UC-62,Imperial German Navy
UC-77,Imperial German Navy
't Vliegend Hert,Dutch East India Company
SS Mopang,United States
SS Rodina,Bulgaria
SS American Star,Greece
El Condesito,Spain
The Telamon (Temple Hall),Greece
Sémillante,French Navy
Audace,Regia Marina
Baron Gautsch,Austria-Hungary
Cesare Rossarol,Regia Marina
Giuseppe Garibaldi,Regia Marina
SMS Niobe,Kriegsmarine
SMS Szent István,Austria-Hungary
UB-129,Imperial German Navy
SMS Viribus Unitis,Austria-Hungary
Constandis,Russia
Alexander Nevsky,Imperial Russian Navy
HMS Black Prince,Royal Navy
Dannebroge,Royal Danish Navy
HMS Defence,Royal Navy
SMS Elbing,Imperial German Navy
SMS Frauenlob,Imperial German Navy
Freja af Stockholm,Sweden
MV Fu Shan Hai,People's Republic of China
HMS Indefatigable,Royal Navy
HMS Invincible,Royal Navy
Kolding cog,Unknown
SMS Lützow,Imperial German Navy
HMS Pandora,Royal Navy
SMS Pommern,Imperial German Navy
HMS Queen Mary,Royal Navy
HMS St George,Royal Navy
U-235,Kriegsmarine
U-579,Kriegsmarine
HMS Warrior,Royal Navy
MS Estonia,Estonia
Maasilinn Wreck,Unknown
U-679,Kriegsmarine
Lincoln City,United Kingdom
SS Sauternes,United Kingdom
Tjaldur,Denmark
Föglö wreck,Unknown
Hanneke Vrome,Free City of Lübeck
Sankt Nikolai,Imperial Russian Navy
Vrouw Maria,Dutch Republic
SS Cap Arcona,Nazi Germany
Fides,Italy
Hugo Zeye,Kriegsmarine
Ondo,United Kingdom
Preußen,Nazi Germany
SMS Seeadler,Imperial German Navy
U-8,Kriegsmarine
U-60,Kriegsmarine
U-61,Kriegsmarine
U-103,Kriegsmarine
U-236,Kriegsmarine
U-237,Kriegsmarine
U-276,Kriegsmarine
U-287,Kriegsmarine
U-316,Kriegsmarine
U-323,Kriegsmarine
U-339,Kriegsmarine
U-345,Kriegsmarine
U-348,Kriegsmarine
U-350,Kriegsmarine
U-777,Kriegsmarine
U-870,Kriegsmarine
U-979,Kriegsmarine
U-1221,Kriegsmarine
RFA Bedenham,Royal Navy
MV Fedra,Liberia
MV New Flame,Panama
HMS Sussex,Royal Navy
Antikythera wreck,Unknown
Bartolomeo Colleoni,Regia Marina
HMHS Britannic,Royal Navy
Dimitrios shipwreck,Greece
Dokos shipwreck,Unknown
HMS Dulverton,Royal Navy
Elli,Hellenic Navy
MS Express Samina,Greece
HMS Gloucester,Royal Navy
HMS Greyhound,Royal Navy
HMS Hereward,Royal Navy
HMS Hurworth,Royal Navy
Hydra,Hellenic Navy
HMS Intrepid,Royal Navy
MV Jupiter,Greece
HMS Kashmir,Royal Navy
HMS Kelly,Royal Navy
HMS M28,Royal Navy
MS Mediterranean Sky,Greece
Mimis,Greece
Nordland,Antigua and Barbuda
Panagiotis,Greece
Patris,Greece
HMS Perseus,Royal Navy
MS Sea Diamond,Greece
MV Sebastiano Veniero,Italy
SS Slamat,Netherlands
Thérèse,French Navy
U-133,Kriegsmarine
U-596,Kriegsmarine
"Vasilissa Olga (""Queen Olga"")",Hellenic Navy
Coburg,Kriegsmarine
MS Hans Hedtoft,Denmark
Kriegsmarine,17-Jun-43
USCGC Alexander Hamilton,United States Coast Guard
ES Goðafoss,Iceland
HMS Niger,Royal Navy
U-253,Kriegsmarine
Alondra,United Kingdom
RMS Andania,United Kingdom
HMS Audacious,Royal Navy
MV Bolivar,Norway
RMS Carpathia,United Kingdom
SS Chirripo,United Kingdom
SS Cymric,United Kingdom
SV Dido,German Empire
SV Edmond,
RMS Empress of Britain,United Kingdom
Ems,Germany
SS Fulmar,United Kingdom
SS Illyrian,Unknown
SS Housatonic,United Kingdom
SS Innisfallen,United Kingdom
La Juliana,Spain
La Lavia,Spain
Santa Maria de la Vison,Spain
MV Kowloon Bridge,Hong Kong
RMS Laconia,United Kingdom
SS Laurentic,United Kingdom
HMS Lee,Royal Navy
RMS Leinster,United Kingdom
HMHS Llandovery Castle,Royal Navy
RMS Lusitania,United Kingdom
SS Minnehaha,United Kingdom
MV Plassy,Ireland
Ranga,Spain
Rochdale and Prince of Wales,Unknown
Rockingham,Unknown
Samson,Malta
RMS Tayleur,United Kingdom
Trinidad Valencera,Unknown
Tullaghmurray Lass,Ireland
U-68,Imperial German Navy
U-260,Kriegsmarine
U-637,Royal Navy
U-778,Royal Navy
U-802,Royal Navy
U-825,Royal Navy
U-861,Royal Navy
UC-33,Imperial German Navy
UC-42,Imperial German Navy
HMS Wasp,Royal Navy
HMS Wolverine,Royal Navy
York,East India Company
FV Solway Harvester,United Kingdom
Caligula's Giant Ship,Roman Empire
SS Torero,United Kingdom
SS Dia,Panama
F174,Egypt
Giglio Island shipwreck,Unknown
Giovanni delle Bande Nere,Regia Marina
MT Haven,Cyprus
HMS Hebe,Royal Navy
HMS Inglefield,Royal Navy
HMS Janus,Royal Navy
SS Loreto,Italy
Marsala Punic shipwreck,Punic
Nemi ships,Roman Empire
HMS Odin,Royal Navy
HMS Pakenham,Royal Navy
USS Portent,United States Navy
SS Principessa Jolanda,Kingdom of Italy
Roma,Regia Marina
USS SC-694,United States Navy
Scindian,Kingdom of Italy
HMS Spartan,Royal Navy
USS Swerve,United States Navy
HMS Thetis,Royal Navy
SS Transylvania,United Kingdom
Uj-2210,Kriegsmarine
Moero,Kriegsmarine
U-580,Kriegsmarine
Gozo Phoenician shipwreck,Phoenician
HMY Aegusa,Royal Navy
HMS Ariel,Royal Navy
MV Camadan,Turkey
MV Cominoland,Malta
HM Drifter Eddy,Royal Navy
HMS Hellespont,Royal Navy
MT Hephaestus,Togo
MV Imperial Eagle,Malta
HMS Jersey,Royal Navy
MV Karwela,Malta
ORP Kujawiak,Polish Navy
MV Lady Davinia,Malta
MV Levant II,Malta
SS Luciston,United Kingdom
HMS Maori,Royal Navy
SS Margit,Free France
HMS Nasturtium,Royal Navy
HMS Olympus,Royal Navy
P29,Maritime Squadron of the Armed Forces of Malta
P31,Maritime Squadron of the Armed Forces of Malta
P33,Maritime Squadron of the Armed Forces of Malta
SS Polynesien,France
MV Rozi,Malta
HMS Russell,Royal Navy
S-31,Kriegsmarine
S-??,Royal Navy
St. Angelo,Royal Navy
St. Michael,Malta
HMS Southwold,Royal Navy
HMS Stubborn,Royal Navy
Tug No. 2,Malta
Tug No. 10,Malta
Um El Faroud,Libya
X127,United Kingdom
MV Xlendi,Malta
Fresnel,France
Skanderbeg,Italy
Palmwood shipwreck,
MV Aqueity,United Kingdom
SS Berlin,United Kingdom
MV Christiaan Huygens,Netherlands
HMS E47,Royal Navy
HNLMS Johan Maurits van Nassau,Royal Netherlands Navy
Katowice,Poland
HMS Lutine,French Navy
SS Hertha Engeline Fritzen,Nazi Germany
SS Rotterdam,Netherlands
U-7,Imperial German Navy
UB-61,Imperial German Navy
UC-10,Imperial German Navy
't Vliegend Hert (Flying Hart),Dutch East India Company
Akerendam,Dutch East India Company
D/S Malmberget,Unknown
FV Gaul,United Kingdom
Z2 Georg Thiele,Kriegsmarine
ORP Grom,Polish Navy
Haakon Jarl II,Norway
MV Hamburg,Nazi Germany
Z18 Hans Lüdemann,Kriegsmarine
HMS Hardy,Royal Navy
SS Henry,Norway
HMS Hunter,Royal Navy
Z19 Hermann Künne,Kriegsmarine
SS Irma,Norway
Karlsruhe,Kriegsmarine
HDMS Lossen,Denmark-Norway
SS Martti Ragnar,Finland
Murmansk,Russian Navy
SS Nerva,Norway
SS Nordnorge,Kriegsmarine
HNoMS Norge,Royal Norwegian Navy
USS O-12,United States Navy
HMS Oxley,Royal Navy
MS Palatia,Kriegsmarine
SS Prins Olav,Royal Norwegian Navy
MS Rigel,Nazi Germany
HNoMS Sæl,Royal Norwegian Navy
SS Sanct Svithun,Norway
Scharnhorst,Kriegsmarine
MS Seattle,Nazi Germany
SS Sekstant,Norway
SS Sirius,Norway
HNoMS Stegg,Royal Norwegian Navy
HNoMS Storm,Royal Norwegian Navy
HMS Thistle,Royal Navy
Tirpitz,Kriegsmarine
U-6,Imperial German Navy
U-49,Kriegsmarine
U-622,Kriegsmarine
U-711,Kriegsmarine
U-737,Kriegsmarine
U-864,Kriegsmarine
HNoMS Uredd,Royal Norwegian Navy
Z21 Wilhelm Heidkamp,Kriegsmarine
Z9 Wolfgang Zenker,Kriegsmarine
SS General von Steuben,Nazi Germany
Graf Zeppelin,Soviet Navy
U-670,Kriegsmarine
U-854,Kriegsmarine
Wilhelm Gustloff,Nazi Germany
SS Andrios,United Kingdom
HMS Apollo,Royal Navy
SS Maria Grecia,Portugal
Numancia,Spanish Navy
The Pepper Wreck,Portuguese East India Company
SS Pimpao de Odemira,Kingdom of Portugal
MV River Gurara,Nigeria
Run'her,Confederate States of America
Spanish ship San Pedro de Alcantara,Spanish Navy
Suffren,French Navy
U-1277,Kriegsmarine
SS Woodham,United Kingdom
Nossa Senhora da Luz,Kingdom of Portugal
Cais do Sodré shipwreck,Unknown
MV Akra Aktion,Greece
MV E Evangelia,Greece
Shch-213,Soviet Navy
SS Admiral Nakhimov,Soviet Union
Agnes Blaikie,United Kingdom
Armenia,Soviet Union
HMS Bluebell,Royal Navy
MV Bulgaria,Russia
HMS Denbigh Castle,Royal Navy
USS Herndon,United States Navy
K-159,Russian Navy
HMS Matabele,Royal Navy
SS Revoljucija,Soviet Union
U-286,Kriegsmarine
U-763,Kriegsmarine
Spanish battleship Alfonso XIII,Spanish Republican Navy
HMS Britannia,Royal Navy
Spanish submarine C-3,Spanish Republican Navy
HMS Captain,Royal Navy
MV Cason,Panama
RMS Douro,United Kingdom
HMS Egret,Royal Navy
USS Jallao,United States Navy
Soviet submarine K-8,Soviet Navy
Spanish ship Neptuno,Spanish Navy
MV Neretva,Croatia
Prestige,Bahamas
Sirio,Kingdom of Italy
U-106,Kriegsmarine
U-138,Kriegsmarine
U-751,Kriegsmarine
U-755,Kriegsmarine
U-77,Kriegsmarine
SS Yrurac Bat,Spain
SS Rex,Kingdom of Italy
SS August Helmerich,German Empire
Dalarö wreck,Unknown
MV Finnbirch,Sweden
Gribshunden,Denmark
Herakles,Sweden
SS I P Suhr,Denmark
Kronan,Swedish Navy
Luleå Northern Harbour Wreck,Unknown
Mars,Swedish Navy
S-2,Soviet Navy
S-7,Soviet Navy
Som,Swedish Navy
SV Swiks,Åland
Vasa,Swedish Navy
SS Westfalen,Kriegsmarine
Moskva,Russian Navy
Novorossiysk,Soviet Navy
HMS Tiger,Royal Navy
U-180,Kriegsmarine
Ajax,Denmark
HMS Amazon,Royal Navy
HMS Amfitrite,Royal Navy
Amoco Cadiz,Liberia
HMS Arethusa,Royal Navy
Asgard II,Ireland
HMCS Athabaskan,Royal Canadian Navy
Auguste,French Navy
Böhlen,East Germany
HMS Charybdis,Royal Navy
Droits de l'Homme,France
Empire Conyngham,United Kingdom
Erika,Malta
HMS Firm,Royal Navy
France,French Navy
USS Gypsum Queen,United States Navy
Hilda,United Kingdom
SS London,United Kingdom
HMS Magnificent,Royal Navy
HMS Monkey (1801),Royal Navy
Neptune,French Navy
Royal Louis,French Navy
Saint-Esprit,French Navy
Séduisant,French Navy
Superbe,French Navy
U-171,Kriegsmarine
U-441,Kriegsmarine
U-526,Kriegsmarine
U-767,Kriegsmarine
U-821,Kriegsmarine
UC-36,Imperial German Navy
HMS Affray,Royal Navy
Baden,Royal Navy
HMS Dragon,Royal Navy
HMS Lady Olive,Royal Navy
Stella,United Kingdom
UC-18,Imperial German Navy
HMS Fleche,Royal Navy
HMS Saracen,Royal Navy
Wreck of Rochelongue,
Abukir,United Kingdom
L'Adroit,French Navy
HMS Assistance,Royal Navy
Elizabeth,
HMS Grenade,Royal Navy
HMS Havant,Royal Navy
HMS Keith,Royal Navy
HMS Laforey,Royal Navy
Huntley,United Kingdom
U-109,Imperial German Navy
UC-26,Imperial German Navy
UC-61,Imperial German Navy
UC-79,Imperial German Navy
CSS Alabama,Confederate States Navy
Amsterdam,Royal Navy
HMS Berkeley,Royal Navy
HMS Britomart,Royal Navy
HMS Capel,Royal Navy
HMS Centurion,Royal Navy
La Combattante,Free French Naval Forces
USS Corry,United States Navy
HMS D3,Royal Navy
HMS Daffodil,Royal Navy
Derrycunihy,United Kingdom
HMS Derwent,Royal Navy
ORP Dragon,Polish Navy
HMS Durban,Royal Navy
USS Eastern Shore,United States Navy
HMS Eden,Royal Navy
Empire Broadsword,Royal Navy
Empire Javelin,Royal Navy
Galeka,Royal Navy
USS Glennon,United States Navy
HMS Hussar,Royal Navy
HMS Isis,Royal Navy
Komet,Kriegsmarine
HMHS Lanfranc,Royal Navy
Léopoldville,Belgium
USS Miantonomah,United States Navy
USS Partridge,United States Navy
USS PC-1261,United States Navy
Pennsylvanian,United States
HMS Pylades,Royal Navy
HMS Quorn,Royal Navy
USS Rich,United States Navy
HMHS Salta,Royal Navy
HMS Shannon,Royal Navy
Soleil Royal,French Navy
USS Susan B. Anthony,United States Navy
HNoMS Svenner,Royal Norwegian Navy
USS Tide,United States Navy
Train Ferry No. 2,Royal Navy
U-151,Royal Navy
UC-78,Imperial German Navy
HMAT Warilda,Royal Australian Navy
West Cheswald,United States Navy
West Grama,United States Navy
West Honaker,United States Navy
West Nohno,United States Navy
White Ship,
HMS Alcmene,Royal Navy
USS Buchanan,United States Navy
Héros (1750),French Navy
RMS Lancastria,United Kingdom
Saint-Philibert,France
Sachsenwald,Kriegsmarine
U-268,Kriegsmarine
U-51,Kriegsmarine
U-736,Kriegsmarine
HMS Atalante,Royal Navy
U-107,Kriegsmarine
U-263,Kriegsmarine
U-667,Kriegsmarine
Espingole,French Navy
Héros,French Navy
L'Indomptable,Vichy French Navy
Madrague de Giens,
Magenta,French Navy
U-303,Kriegsmarine
HMS Drake,Royal Navy
Girona,Spanish Navy
Lagan,United Kingdom
Normanby Hall,United Kingdom
MV Princess Victoria,United Kingdom
State of Louisiana,United Kingdom
Tiberia,United Kingdom
MV Akka,Sweden
Annie Jane,United Kingdom
RMS Aurania,United Kingdom
Avondale Park,Canada
Ben Doran,United Kingdom
SS Breda,Netherlands
SMS Brummer,Imperial German Navy
HMS Caribbean,Royal Navy
MV Cemfjord,Cyprus
Coelleira,United Kingdom
SMS Cöln,Imperial German Navy
MV Craigantlet,United Kingdom
HMS Dartmouth,Royal Navy
HMS Dasher,Royal Navy
SS Desabla,United Kingdom
SMS Dresden,Imperial German Navy
Elinor Viking,United Kingdom
SS Empire Conveyor,United Kingdom
Flying Phantom,United Kingdom
HMS Goldfinch,Royal Navy
El Gran Grifón,Spanish Navy
SS Gracechurch,United Kingdom
HMS Graph,Royal Navy
HMS Hampshire,Royal Navy
SS Hispania,Sweden
HMS Imogen,Royal Navy
SS Inkosi,United Kingdom
HMS Iolaire,Royal Navy
SS John Randolph,United States
SMS Karlsruhe,Imperial German Navy
HMS King Edward VII,Royal Navy
SMS König,Imperial German Navy
SMS Kronprinz,Imperial German Navy
SS Leadgate,United Kingdom
SMS Markgraf,Imperial German Navy
Orion,United Kingdom
HMS Port Napier,Royal Navy
SS The Ramsey,Royal Navy
TSS Roebuck,Royal Navy
Rondo,Norway
HMS Royal Oak,Royal Navy
San Juan de Silicia,Spanish Navy
HMS Sealion,Royal Navy
SS Seniority,United Kingdom
SS St. Sunniva,United Kingdom
Swan,Royal Navy
SS Thesis,United Kingdom
SS Tuscania,United Kingdom
U-33,Kriegsmarine
U-297,Kriegsmarine
U-714,Kriegsmarine
U-722,Kriegsmarine
U-1206,Kriegsmarine
UB-116,Imperial German Navy
Unknown shipwreck,Unknown
Valkyrie II,United Kingdom
HMS Vandal,Royal Navy
HMS Vanguard,Royal Navy
Varyag,Imperial Russian Navy
HMS Vivid,Royal Navy
Amazonese,Unknown
SS Behar,United Kingdom
Calburga,Canada
SS Castilian,United Kingdom
HMS Conway,Royal Navy
SS Dakotian,United Kingdom
Diamond,United States
MV Empire Beacon,United Kingdom
Faraday,United Kingdom
Herefordshire,United Kingdom
PS Lelia,Confederate States Navy
Loch Shiel(aka Whiskey Wreck),United Kingdom
Lucy,Netherlands
HMY Mary,Royal Navy
Ocean Monarch,United States
Pacific,United States
SV Paul,Germany
Resurgam II,United Kingdom
PS Rothsay Castle,United Kingdom
Royal Charter,United Kingdom
SS Samtampa,United States
MV Swanland,Cook Islands
U-58,Imperial German Navy
U-1302,Kriegsmarine
SS Walter L M Russ,United Kingdom
HMS Whirlwind,Royal Navy
HMS Dundalk,Royal Navy
Terukuni Maru,Japan
HMT Agate,Royal Navy
Alf,Norway
Cantabria,Spain
English Trader,United Kingdom
HMT Force,Royal Navy
Gallois,United Kingdom
Georgia,Netherlands
Hibernia,United Kingdom
Hopelyn,United Kingdom
HMS Kent,Royal Navy
Meriones,United Kingdom
Monte Nevoso,Italy
Mount Ida,Greece
Sea Queen,United Kingdom
HMS Umpire,Royal Navy
Elbe,Germany
HMS Exmoor,Royal Navy
Gasfire,United Kingdom
Golconda,United Kingdom
Harwich ferry,United Kingdom
Magdapur,United Kingdom
Phryné,France
U-13,Kriegsmarine
Stanegarth,United Kingdom
Seaton Carew Wreck,Unknown
Abessinia,Germany
HMS Ascot,Royal Navy
Don,United Kingdom
Forfarshire,United Kingdom
HMS G11,Royal Navy
UB-115,Imperial German Navy
HMS Unity,Royal Navy
Yewglen,United Kingdom
Hebble,United Kingdom
Oslofjord,Norway
UC-32,Imperial German Navy
Abana,Norway
Riverdance,Bahamas
Alarm,United Kingdom
Ionic Star,United Kingdom
Pelican,Great Britain
RMS Alaunia,United Kingdom
HMS Ariadne,Royal Navy
HMS Holland 5,Royal Navy
RMS Moldavia,United Kingdom
Nyon,Switzerland
Sitakund,Norway
Storaa,United Kingdom
U-40,Kriegsmarine
U-413,Kriegsmarine
UC-65,Imperial German Navy
Wittering,United Kingdom
Grace Dieu,England
Impétueux,French Navy
Mary Rose,Royal Navy
HMS Newcastle,Royal Navy
HMS Royal George,Royal Navy
HMS Acheron,Royal Navy
HMCS Alberni,Royal Canadian Navy
Albert C. Field,Canada
HMS Assurance,Royal Navy
HMS Boxer,Royal Navy
Carbon,United Kingdom
HMS Amphion,Royal Navy
HMS Blackwater,Royal Navy
HMS Brazen,Royal Navy
HMS Bulwark,Royal Navy
HMS Codrington,Royal Navy
Deutschland,Germany
HMS Erin's Isle,Royal Navy
HMS Ghurka,Royal Navy
SMS Grosser Kurfürst,Imperial German Navy
Hindostan,British East India Company
Leicester,United Kingdom
Maloja,United Kingdom
Northern Belle,United States
Northfleet,Royal Navy
HMS Paragon,Royal Navy
The Queen,United Kingdom
RMS Royal Adelaide,United Kingdom
Unity,United Kingdom
U-12,Kriegsmarine
UB-33,Imperial German Navy
UB-55,Imperial German Navy
UB-56,Imperial German Navy
UB-58,Imperial German Navy
UC-50,Imperial German Navy
UC-64,Imperial German Navy
HMS Venetia,Royal Navy
Admiral Gardner,East India Company
Cap Lopez,Belgium
HMT Etoile Polaire,Royal Navy
Ganges,United Kingdom
Guttenburg,Germany
Mahratta (1892),United Kingdom
Mahratta (1917),United Kingdom
Mary White,United Kingdom
Montrose,United Kingdom
HMS Northumberland,Royal Navy
HMS Restoration,Royal Navy
Rooswijk,Dutch East India Company
HMS Stirling Castle,Royal Navy
U-16,Kriegsmarine
UC-46,Imperial German Navy
UC-63,Imperial German Navy
HMT Amethyst,Royal Navy
The Blackfriar I,Unknown
The Blackfriar II,Unknown
The Blackfriars III and IV,Unknown
Boddington,United Kingdom
HMS London,England
Marchioness,United Kingdom
HMS A3,Royal Navy
Nornen,Norway
51°16′19″N 3°01′23″W﻿ / ﻿51.272°N 3.023°W﻿ / 51.272; -3.023,SS Bengrove
51°21′04″N 4°06′58″W﻿ / ﻿51.351°N 4.116°W﻿ / 51.351; -4.116﻿ (SS Bengrove),USCGC Tampa
50°40′N 6°19′W﻿ / ﻿50.667°N 6.317°W﻿ / 50.667; -6.317﻿ (USCGC Tampa (1912)),HMS Montagu
51°24′22″N 2°54′47″W﻿ / ﻿51.406°N 2.913°W﻿ / 51.406; -2.913,51°24′22″N 2°54′47″W﻿ / ﻿51.406°N 2.913°W﻿ / 51.406; -2.913
HMS A7,Royal Navy
Adolf Vinnen,German Empire
HMS Anson,Royal Navy
Antoinette,Canada
Ardgarry,United Kingdom
Ben Asdale,United Kingdom
Caledonia,United Kingdom
SS Corvus,Norway
SS Eastfield,United Kingdom
HMS Foyle,Royal Navy
SS Flying Enterprise,United States
Hanover,Kingdom of Great Britain
SS James Eagan Layne,United States
RFA Lady Cory-Wright,Royal Navy
Maria Asumpta,United Kingdom
La Maudeleyne,
Merchant Royal,England
SS Mohegan,United Kingdom
MV RMS Mulheim,Antigua and Barbuda
HMS Primrose,Royal Navy
HMCS Regina,Royal Canadian Navy
Rosehill,United Kingdom
HMS Scylla,Royal Navy
St Anthony (aka Santo António),Portugal
Stanwood,United Kingdom
SS Torrey Canyon,Liberia
HMCS Trentonian,Royal Canadian Navy
U-650,Kriegsmarine
U-1018,Kriegsmarine
U-1021,Kriegsmarine
U-1063,Kriegsmarine
U-1199,Kriegsmarine
UB-65,Imperial German Navy
UC-66,Imperial German Navy
SS Vigrid,Norway
Volnay,Canada
HMS Whiting,Royal Navy
MV Union Star,Ireland
SV Carl,German Empire
S-89,Kriegsmarine
HMS Amethyst,Royal Navy
Cattewater Wreck,Unknown
HMT Elk,Royal Navy
HMS Empress of India,Royal Navy
HMS Formidable,Royal Navy
Glen Strathallen,United Kingdom
Hallowe'en,United Kingdom
Herzogin Cecilie,Finland
MV Ice Prince,Greece
London,Unknown
SS Louis Sheid,Belgium
USS LST-493,United States Navy
HMS M1,Royal Navy
HMS M2,Royal Navy
SS Maine,United Kingdom
Marguerite,France
RMS Medina,United Kingdom
HMS Penylan,Royal Navy
SS Persier,Belgium
HMHS Rewa,United Kingdom
U-214,Kriegsmarine
U-269,Kriegsmarine
UC-49,Imperial German Navy
UC-51,Imperial German Navy
HMS Victory,Royal Navy
HMS A1,Royal Navy
Aeolian Sky,Greece
HMS Empress of India,Royal Navy
Alexander,East India Company
SS Athen,German Empire
SS Binnendijk,Netherlands
HMS Bittern,Royal Navy
HMS Boadicea,Royal Navy
"Almost certainly HMS Fishguard II (HMS Invincible) at this location, HMS Bodicea about 10 nm further to the WSW!",HMS Delight
50°34′25″N 2°26′1″W﻿ / ﻿50.57361°N 2.43361°W﻿ / 50.57361; -2.43361﻿ (HMS Delight (H38)),Earl of Abergavenny
HMS Foylebank,Royal Navy
HMS Hood,Royal Navy
SS Kyarra,Australia
HMS L24,Royal Navy
USS LST-507,United States Navy
SS Radaas,Denmark
HMS Safari,Royal Navy
HMS Sidon,Royal Navy
Swash Channel Wreck,Unknown
U-322,Kriegsmarine
HMS Association,Royal Navy
MV Cita,Antigua and Barbuda
HMS Colossus,Royal Navy
SS Dundee,United Kingdom
HMS Eagle,Royal Navy
PS Earl of Arran,United Kingdom
HMS Firebrand,Royal Navy
Hollandia,East India Company
USS Jacob Jones,United States Navy
HMS K5,Royal Navy
SS Little Western,United Kingdom
Minnehaha,United Kingdom
Nancy,Kingdom of Great Britain
Rachel Harvey,United Kingdom
HMS Romney,Royal Navy
SS Schiller,German Empire
SS Thames,United Kingdom
Thomas W. Lawson,United States
UC-19,Imperial German Navy
Wheel Wreck,Unknown
SS Empire Bay,United Kingdom
HMS Falmouth,Royal Navy
SS Lanthorn,United Kingdom
SS Saint Ninian,United Kingdom
MS Piłsudski,Poland
SS Rohilla,United Kingdom
Alert,
Apollo,
Avenger,
Beaumaris Castle,
Blanch King,
Caesar,
Caraquet,
HMS Cerberus,Royal Navy
Collector,
Colonel William G. Ball,
Constellation,
Cristobal Colon,
Curlew,
Darlington,
Eagle,
Elda,
"""Frenchman wreck""",
Hermes,United States
L'Herminie,
Hunters Galley,
Iristo,Norway
Kate,United Kingdom
HMS Katherine,Royal Navy
King,United States
Lartington,
Lord Amherst,United Kingdom
Madiana,
"""Manilla wreck""",
Mari Celeste,United States
Mark Antonio,Spain
Minnie Breslauer,
Montana,United Kingdom
Mussel,Bermuda
North Carolina,
Pelinaion,Greece
Pollockshields,
Ramona,Canada
Richard P. Buck,
San Antonio,Kingdom of Portugal
San Pedro,Spain
Sea Venture,England
Taunton,Norway
Virginia Merchant,
HMS Vixen,Royal Navy
Warwick,England
Wychwood,United Kingdom
Zovetto,
USS Adirondack,United States Navy
HMS Algerine,Royal Navy
USS Chippewa,United States Navy
HMS Conqueror,Royal Navy
USS Courier,United States Navy
SS El Faro,United States
MS Logna,Bahamas
HMS Nimble,Royal Navy
USS San Jacinto,United States Navy
SS Sapona,United States
HMS Astraea,Royal Navy
HMS Nymph,Royal Navy
RMS Rhone,United Kingdom
Almirante Oquendo,Spanish Navy
Cristóbal Colón,Spanish Navy
USS Merrimac,United States Navy
Vizcaya,Spanish Navy
Astron,Soviet Union
Atlantic Princess,
Catuan,
Conde de Tolosa,Spain
Diomedes,French Navy
Dolphin,United States Coast Guard
Hickory,United States Coast Guard
Imperiale,French Navy
RP-14 Limon,
Monte Cristi Pipe Wreck,
Nuestra Señora de Guadalupe,Spain
"Nuestra Señora de la Limpia y Pura Concepción, known as La Concepción",Spain
Quedagh Merchant,
Scipion,French Navy
St. George,
MV Bianca C.,France
Bluenose,Canada
Crête-à-Pierrot,Haitian National Police
Mary Celeste,United States
MV Angeln,Antigua and Barbuda
MS Antilla,Nazi Germany
MV Christena,St. Kitts and Nevis
Cygne,French Navy
Hilma Hooker,Colombia
SS Pedernales,United Kingdom
SS Antilles,France
MV Mahiri,United Kingdom
2009 Turks and Caicos Islands migrant shipwreck,Haiti
General Pershing,United States
Molasses Reef Wreck,Unknown
Trouvadore,Spain
SS Springfjord,United Kingdom
USS Alabaster,United States Navy
USS Belet,United States Navy
Challenger,Peru
USS H-1,United States Navy
USS Jubilant,United States Navy
HMCS Kootenay,Royal Canadian Navy
HMS Monkey (1826),Royal Navy
USS Palomas,United States Navy
HMCS Restigouche,Royal Canadian Navy
USS Scuffle,United States Navy
USS Somers,United States Navy
SS Cheribon,Chile
Nuestra Señora de Encarnación,Spain
Sub Marine Explorer,United States
Anscomb,Canada
Beaver,Canada
Bonnington,Canada
USAT Brigadier General M. G. Zalinski,United States Army
HMCS Charlottetown,Royal Canadian Navy
HMCS Chaudière,Maritime Command
City of Ainsworth,Canada
Clallam,Canada
HMCS Columbia,Maritime Command
Cowichan,Canada
Eaglescliffe Hall,Canada
Ericsson,
Florence,United States
HMS Grappler,Royal Navy
HMCS Huron,Maritime Command
HMCS Mackenzie,Maritime Command
Malahat,Canada
Mariposa,Canada
Mount Royal,Canada
Nechacco,Canada
Princess Sophia,Canada
Queen of the North,Canada
Quesnel,Canada
HMCS Saskatchewan,Maritime Command
Sechelt,Canada
USS South Dakota,United States Navy
USS Tattnall,United States Navy
Tonquin,United States
Vanlene,
Valencia,Canada
Alpha,Canada
Port Nelson,Canada
Graham Bell,Canada
Ithaka,Greece
Princess,Canada
Transpet,Panama
Walton,Canada
Abyssinia,Canada
Administratrix,Canada
HMS Aeneas,Royal Navy
Anglo Saxon,United Kingdom
Anton van Driel,Netherlands
Arctic,United States
Arctic Explorer,Canada
Argo,United Kingdom
Azariah,
Belgian,United Kingdom
Caribou,Newfoundland
City of Philadelphia,United Kingdom
HMS Comus,Royal Navy
HMS Crusader,Royal Navy
Delmar,United Kingdom
HMS Despatch,Royal Navy
HMS Duchess of Cumberland,Great Britain Navy
Duchess of Fife,
Dunbrody,
Earlshall,Newfoundland
Erik,United Kingdom
Ethie,Canada
Flare,Cyprus
Florizel,Newfoundland
George Cromwell,United Kingdom
George Washington,United States
Germania,Germany
Greenland,Canada
Harcourt Kent,Canada
Harpooner,United Kingdom
Harvest Home,United Kingdom
Helgoland,Germany
Indian,United Kingdom
Kristianiafjord,Norway
Kyle,Canada
Labrador,United Kingdom
Lady of the Lake,United Kingdom
Lady Sherbrooke,United Kingdom
Lion,
Lord Strathcona,Canada
Maggie,
Marsland,United Kingdom
Marvale,Canada
Marvita,Canada
Ocean Ranger,United States
Phyllis,Great Britain
P.L.M. 27,United Kingdom
USS Pollux,United States Navy
President Coaker,Canada
Queen of Swansea,Canada
HMS Raleigh,Royal Navy
Regulus,Newfoundland
Rose Castle,Canada
Saganaga,United Kingdom
San Juan de Pasajes,Basques
Santa Celia,Spain
HMS Sapphire,Kingdom of England
Sea Clipper,Canada
HMCS Shawinigan,Royal Canadian Navy
Southern Cross,Canada
RMS Titanic,United Kingdom
Bahamas,18-Jun-23
Royal Navy,5 November 1813
Canada,15-Mar-31
HMS Investigator,Royal Navy
CGS Aberdeen,Canada
Arctic Bear,United States
Arrow,Canada
Astrea,United Kingdom
RMS Atlantic,United Kingdom
Capricieux,France
HMCS Cartier,Royal Canadian Navy
Célèbre,France
Chameau,France
Charlottetown,Canada
Christmas Seal,Canada
HMCS Clayoquot,Royal Canadian Navy
Constantia,United Kingdom
Enterprise,
Entreprenant,France
Erg,Canada
Esperanto,Canada
HMCS Esquimalt,Royal Canadian Navy
HMS Fantome,Royal Navy
HMS Feversham,Great Britain Navy
Hannah,United Kingdom
Havana,Canada
Hungarian,United Kingdom
Imo,Norway
USS Ingraham,United States Navy
HMCS Long Branch,Royal Canadian Navy
Lord Clarendon,Canada
Maria,United Kingdom
Mont-Blanc,France
Patrick Morris,Canada
Prudent,France
HMCS Saguenay,Maritime Command
Sankaty,Canada
Tikoma,Canada
HMS Tribune,Great Britain Navy
Two Friends,
U-754,Kriegsmarine
Unknown British transport,Great Britain Navy
Breadalbane,United Kingdom
HMS Erebus,Royal Navy
HMS Fury,Royal Navy
Maud,Canada
Nascopie,Canada
Bruce,Canada
Conestoga,United States
Eastcliffe Hall,Canada
Glen Isle,Canada
Ivy,Canada
Jean Richard,Canada
John B. King,Canada
Lillie Parsons,Canada
Maggie Bell,Canada
Mansfield,Canada
Mary Ward,Canada
Mayflower,Canada
Minnie,Canada
HMS Nancy,Royal Navy
Otter,Canada
Princess Louise,Canada
Quinte Queen,Canada
R.R. Foster,Canada
Resolute,Canada
Sand scow,Canada
Victoria,Canada
William King,Canada
HMS Alert,Great Britain Navy
George N Orr,United States
HMCS Assiniboine,Royal Canadian Navy
Marco Polo,Canada
Olga,Canada
HMCS Chedabucto,Royal Canadian Navy
Cimba,Canada
RMS Empress of Ireland,United Kingdom
HMS Leopard,Royal Navy
HMS Penelope,Royal Navy
CGS Simcoe,Canada
Royal Canadian Navy,7-Nov-45
City of Medicine Hat,Canada
A. J. Goddard,Canada
Klondike I,Canada
American Diver,Confederate States Navy
Eliza Battle,United States
CSS Gaines,Confederate States Navy
CSS Huntsville,Confederate States Navy
USS Philippi,United States Navy
CSS Phoenix,Confederate States Navy
USS Rodolph,United States Navy
USS Tecumseh,United States Navy
CSS Tuscaloosa,Confederate States Navy
FV Alaska Ranger,United States
Al-Ki,
SS Aleutian,United States
Charles H. Spencer,United States
SS Homer,United States
USS Linden,United States Navy
USS Queen City,United States Navy
USS Chewink,United States Navy
Elmer S. Dailey,United States
USS G-2,United States Navy
USS Guardfish,United States Navy
USS Mary Alice,United States Navy
Priscilla Dailey,United States
USS Cherokee,United States Navy
USS Gallup,United States Navy
Ice Boat No. 3,United States
USNS Mission San Francisco,United States
Monroe,United States
CSS Chattahoochee,Confederate States Navy
Carrier Dove,United States
CSS Georgia,Confederate States Navy
CSS Muscogee,Confederate States Navy
Rattlesnake,CSA
USS Noble,United States Navy
USS Phoenix,United States Navy
USS South America,United States Navy
SS Republic,United States
USS Water Witch,United States Navy
MV Golden Ray,Marshall Islands
Aratama Maru,Imperial Japanese Navy
SMS Cormoran,German Empire
Kitsugawa Maru,Japan
Tokai Maru,Imperial Japanese Navy
USS Arizona,United States Navy
USS Barbero,United States Navy
Bering,Russian Empire
USS Carbonero,United States Navy
Carthaginian II,United States
Cleopatra's Barge,Hawaii
USS Darter,United States Navy
Ehime Maru (えひめ丸),Japan
I-18tou,Imperial Japanese Navy
I-401,Imperial Japanese Navy
Kad’yak,Russian Empire
USS LST-480,United States Navy
USNS Mission San Miguel,United States
USS S-28,United States Navy
USS Saginaw,United States Navy
USS Stickleback,United States Navy
USS Tinosa,United States Navy
USS Utah,United States Navy
YO-257,United States Navy
Lucy Walker,United States
Arabia,United States
Commercial Dixie,United States
CSS Ram Arkansas,Confederate States Navy
USS Carolina,United States Navy
El Cazador,Spain
USS Covington,United States Navy
Kentucky,
El Nuevo Constante,Spain
CSS Governor Moore,Confederate States Navy
USS Lancaster,United States Navy
CSS Louisiana,Confederate States Navy
CSS Manassas,Confederate States Navy
CSS McRae,Confederate States Navy
MTC-602,
SS New York,
SS Robert E. Lee,United States
SS Joe Webre,United States
USS Signal,United States Navy
U-166,Kriegsmarine
USS Varuna,United States Navy
USCGC White Alder,United States Coast Guard
Alice E. Clark,
Amaretto,
Annie C. Maguire,United Kingdom
USS Eagle Boat 56,United States Navy
SS Georgia,Canada
Nottingham,United Kingdom
Mary Barrett,
USS S-21,United States Navy
USS PE-56,United States Navy
USS Blenny,United States Navy
"USS Cherokee, (a.k.a. ""The Gunboat"")",United States Navy
Governor R. M. McLane,United States
The Mallows Bay wrecks,
U-1105,Kriegsmarine
SS Alpena,United States
USS Althea,United States
SS Cyprus,United States
Three Brothers,United States
Quincy Dredge Number Two,United States
Amboy,United States
Andy Gibson,United States
SS Benjamin Noble,United States
Essayons,United States
USS Essex,United States Navy
SS George Spencer,United States
SS Hesper,United States
SS Lafayette,United States
Madeira,United States
May Flower,United States
Niagara,United States
SS Onoko,United States
SS Robert Wallace,United States
Samuel P. Ely,United States
Wayzata Bay Wreck,
SS Thomas Wilson,United States
USS Baron DeKalb,United States Navy
USS Cairo,United States Navy
Josephine,
USS Lily,United States Navy
USS Petrel,United States Navy
Star of the West,CSA
Far West,United States
USS Inaugural,United States Navy
USS Mingo,United States Navy
Nadine,
USS Naiad,United States Navy
Butte,
Chippewa,
James D. Rankin,
Oakes,
Red Cloud,
Tacony,
Yellowstone,
Bertrand,United States
Pirate,United States
SS Tahoe,United States
USS O-9,United States Navy
Adonis,
USS Algol,United States Navy
SS Arundo,Netherlands
SS Atlantus,United States
Ayuruoca,
Beth Dee Bob,
Brunette,
SS Carolina,United States
Chappara,
SS Choapa,
Delaware,
Goulandris,
SS Gulftrade,
Lana Carol,
Malta,
Maurice Tracy,
USRC Mohawk,United States Navy
USS Moonstone,United States Navy
SS Morro Castle,United States
Park City,
Persephone,
SS Pinta,
Pliny,
Rjukan,
USCS Robert J. Walker,United States Coast Guard
R.P. Resor,United States
Rusland,
San Saba,
Sindia,
USS St. Augustine,United States Navy
Stolt Dagali,
USS Tarantula,United States Navy
Tolten,
U-869,Kriegsmarine
Vega,
PS Washington Irving,United States
Western World,United Kingdom
HMS Zebra,Great Britain Navy
A.E. Vickery,United States
USS Baldwin,United States Navy
Bessie White,
Cadet,
USS California,United States Navy
Champlain II,United States
Charles R. Morse,
HMS Culloden,Great Britain Navy
Forward,
PS General Slocum,United States
Glückauf,German Empire
MV Gwendoline Steers,United States
Harold,United States
Holland III,United States
HMS Hussar,Great Britain Navy
USRC Jefferson,United States
John Milton,United States
SS Keystorm,
Land Tortoise,Great Britain Navy
Lexington,United States
HMS Liverpool,Great Britain Navy
Morania,
SS Narragansett,
SS Nisbet Grammer,United Kingdom
USS Ohio,United States Navy
SS Oregon,United Kingdom
Roy A. Jodrey,Canada
USS Salmon,United States Navy
SS Savannah,United States
Sea Bear,
USS Spikefish,United States Navy
USS Turner,United States Navy
USS Verdi,United States Navy
Vierge Marie,
Wiawaka bateaux,Great Britain Navy
Washington,United States Navy
Island City,United States
Rose Bud,United States
USS Abeona,United States Navy
PS Anthony Wayne,United States
USS Carondelet,United States Navy
Moselle,United States
Elizabeth M,United States
USS Rush,United States Navy
Charles Foster,
Crete,
Dean Richmond,
Eldorado,
Indiana,
Mississippi III,United States
Oneida,
Oxford,
Philip D. Armour,
S.K. Martin,
Antonio López,Spain
Black Point,
USS Cero,United States Navy
USS G-1,United States Navy
HMS Gaspée,Great Britain Navy
HMS Lark,Great Britain Navy
USS Leyden,United States Navy
HMS Liberty,Great Britain Navy
USS Sealion,United States Navy
USS Snowden,United States Navy
U-853,Kriegsmarine
HMS Actaeon,Great Britain Navy
USS Amazon,United States Navy
Anchor Wreck,
USS American,United States Navy
CSS Charleston,Confederate States Navy
Civil War Wreck,
City of Richmond,
USS Dixon,United States Navy
CSS Georgiana,Confederate States Navy
SS Governor,
HEBE & St Cathan,
USS Housatonic,United States Navy
CSS H. L. Hunley,Confederate States Navy
USS Keokuk,United States Navy
USS Kingfisher,United States Navy
Mary Bowers,CSA
USS Meteor,United States Navy
USS New England,United States Navy
Norseman,CSA
SS Ozama,United States
USS Patapsco,United States Navy
USS Peri,United States Navy
Pipe Wreck,
USS Potomac,United States Navy
Raccoon,CSA
USS Rebecca Sims,United States Navy
USS Robin Hood,United States Navy
Ruby,CSA
USS Stephen Young,United States Navy
Stonewall Jackson,CSA
USS Tenedos,United States Navy
USS Timor,United States Navy
SS United States,United States
USS Vermilion,United States Navy
USS Weehawken,United States Navy
SS William Lawrence,United States
Urilda,United States
Western,United States
Chattanooga,
CSS Colonel Lovell,Confederate States Navy
Eclipse,
M.E. Norman,United States Army
Pennsylvania,United States
Sultana,United States
Anona,
La Belle,Kingdom of France
City of Waco,United States
USS Elizabeth,United States Navy
SS Grandcamp,France
Gulfpenn,
Hannah Elizabeth,United States
USS Hatteras,United States Navy
Heredia,United States
Mary,
SS Nicaragua,
Oaxaca,Mexico
OMI Charger,United States
San Esteban,Spain
SS Selma,United States
Sheherezade,
A.R. Noyes,
General Butler,United States
O.J. Walker,United States
Unknown horse ferry,
Water Witch,United States
Amaganzette,
USAS American Mariner,United States
Anglo African,United Kingdom
USS Beale,United States Navy
USS Charles F. Hughes,United States Navy
USS Coos Bay,United States Navy
USS Cumberland,United States Navy
USCGC Cuyahoga,United States
USS Despatch,United States Navy
Doxie Girl,
CSS Drewry,Confederate States Navy
Ethel C.,
Eureka,United States
CSS Florida,Confederate States Navy
Francis E. Powell,
CSS Fredericksburg,Confederate States Navy
USS Guavina,United States Navy
Gulf Hustler,
USS Gyatt,United States Navy
Hanks,
USS Henry Andrew,United States Navy
CSS Jamestown,Confederate States Navy
SS John Morgan,United States
USS John W. Weeks,United States Navy
Juno,Spain
USS Katahdin,United States Navy
Kingston Ceylonite,
La Galga,Spain
Lillian Luckenbach,
USS Manta,United States Navy
SS Marine Electric,United States
Merida,United States
USS Mona Island,United States Navy
USS Moore,United States Navy
Ocean Venture,
SMS Ostfriesland,German Navy
Ironsides,United States Navy
USS R-8,United States Navy
Santore,
USS Saxis,United States Navy
USS Scurry,United States Navy
SS SeaBreeze,Panama
USS Sumpter,United States Navy
USS Teaser,United States Navy
USS Texas,United States Navy
SS Tiger,United States
USS Tills,United States Navy
USCGC Unimak,United States Coast Guard
SS Vestris,United Kingdom
CSS Virginia,Confederate States Navy
USS Washington,United States Navy
Winthorp,
USS Witek,United States Navy
William D. Sanner,
Libelle,Bremen
Dashing Wave,United Kingdom
Hayate,Imperial Japanese Navy
Kisaragi,Imperial Japanese Navy
SS Admiral Sampson,United States
Alice Gertrude,United States
USS Bugara,United States Navy
SS Catala,Canada
Dix,United States
Dode,United States
Falcon,United States
USS General M. C. Meigs,United States Navy
SS Great Republic,United States
Grundl,
Hector,United States
Isabella,United Kingdom
SS Lamut,Soviet Union
Leona,United States
USS Memphis,United States Navy
North Pacific,United States
Sv. Nikolai,Russian Empire
SS Pacific,United States
T.W. Lake,United States
Healys-1,United States
Yosemite,United States
SS Appomattox,United States
Atlanta,United States
Daniel Lyons,United States
Fleetwing,United States
Frank O'Connor,United States
Grape Shot,United States
Hetty Taylor,United States
Joys,United States
L. R. Doty,United States
Louisiana,United States
Lucerne,United States
Marquette,United States
SS Milwaukee,United States
Moonlight,United States
Noquebay,United States
Pretoria,United States
Senator,United States
Sevona,United States
Success,United States
Tennie and Laura,United States
E.C. Waters,United States
Brother Jonathan,United States
SS Emidio,United States
SS Ada Hancock,United States
Ace I,
SS Avalon,United States
USS Burrfish,United States Navy
Charles F. Crocker,
Dauntless,
Diosa del Mar,United States
SS Dominator,United States
F.S. Loop,
Georgia Straits,
USS Gregory,United States Navy
Johanna Smith,United States
USS John C. Butler,United States Navy
USS Koka,United States Navy
Margaret C.,
Monfalcone,
USS Moody,United States Navy
USS SS-300,United States Navy
USS Naifeh,United States Navy
Ningpo,
Olympic II,
Palmyra,
SS Princess Louise,
Sacramento,
SS Sansinena,Liberia
S.N. Castle,
SueJac,
USS Stribling,United States Navy
UB-88,United States Navy
USS Vammen,United States Navy
Labouchere,United Kingdom
S.S. Tennessee,
Il’mena,Russia
Frolic,
Josephine Woolcot,
Sea Foam,
Charles Brown,
Elsie I,
Foss 125,
USS Abercrombie,United States Navy
USS Archer-Fish,United States Navy
USS Aspro,United States Navy
USS Atlanta,United States Navy
USS Blackfin,United States Navy
USS Champlin,United States Navy
USS F-1,United States Navy
USS Hogan,United States Navy
USS Knight,United States Navy
USS Marcus,United States Navy
SS Monte Carlo,United States Navy
USS PC-815,United States Navy
USS S-37,United States Navy
USS Sabalo,United States Navy
USS Sloat,United States Navy
Valiant,
USS Williams,United States Navy
HMCS Yukon,United States Navy
USS Benevolence,United States Navy
USS Boston,United States Navy
USS Bunting,United States Navy
SS City of Chester,United States
SS City of Rio de Janeiro,United States
USS Conestoga,United States Navy
USS Devilfish,United States Navy
SS Escambia,United Kingdom
USS Hornbill,United States Navy
James Rolph,United States
King Philip,United States
USS Lewis,United States Navy
Lydia,
SS Ohioan,United States
USS Pensacola,United States Navy
San Rafael,United States
USS Stewart,United States Navy
USS Tingey,United States Navy
Zenobia,United States
SS Montebello,United States
Carrier Pigeon,United States
Tokujomaru,
Santa Rosa (steamship),United States
Aggie,
USS Chauncey,United States Navy
SS Chickasaw,United States
Crown of England,
SS Cuba,United States
USS Delphy,United States Navy
USS Fuller,United States Navy
Goldenhorn,
Humble SM-1,
USS McCulloch,United States Navy
USS Nicholas,United States Navy
Sibyl Marston,
USS S. P. Lee,United States Navy
USS Woodbury,United States Navy
SS Yankee Blade,United States
USS Young,United States Navy
SS Palo Alto,United States
SS Pomona,United States
USS Agerholm,United States Navy
USS Deperm,United States Navy
Equator,
La Jenelle,United States
USS Makassar Strait,United States Navy
USS Ulvert M. Moore,United States Navy
SS Winfield Scott,United States
USCS Belle,United States
SS Tarpon,United States
Vamar,Panama
Cities Services Empire,
SS Copenhagen,United Kingdom
MV Mercedes I,Venezuela
USS Annie,United States Navy
City of Hawkinsville,United States
SS Gulfamerica,United States
Maple Leaf,United States Navy
USS Massachusetts (BB-2),United States Navy
USS Oriskany (CV-34),United States Navy
USS Preble,United States Navy
San Juan,Spain
Benjamin C. Cromwell,United States
Capitola,
Cortesia,Italy
Elsbeth,Norway
Empire Mica,United Kingdom
HMS Fox (1799),Royal Navy
Grace Andrews,United States
Hindoo,Norway
Iola,
James A. Garfield,United States
Jafnhar,Norway
Latara,Russia
Le Tigre,
Mary E. Morse,United States
Ranavola,Norway
Vale,Norway
Warren Adams,United States
Vidette,United States
USS Narcissus (1863),United States Navy
SS Breconshire (1883),United Kingdom
Bessie Whiting,
Doc's Barge,
Fin Barge,
Nohab (Lensahn III),Germany
SS Regina,
Georges Valentine,Italy
USS Muliphen (AKA-61),United States Navy
USS Rankin (AKA-103),United States Navy
HMS Fowey (1744),Royal Navy
SS Arratoon Apcar,United Kingdom
SS Bud Krohn,Spain
Half Moon,Germany
SV Ingrid,Norway
SS Potrero del Llano,Mexico
Adelaide Baker,
MV Adolphus Busch,United Kingdom
USS Alligator,United States Navy
USS Amesbury (DE-66),United States Navy
Angustias,Spain
Benwood,Norway
USCGC Bibb (WPG-31),United States Coast Guard
Chavez,Spain
City of Washington,United States
USS Coco,United States Navy
USS Curb (ARS-21),United States Navy
USCGC Duane (WPG-33),United States Coast Guard
El Gallo Indiano,Spain
El Infante,Spain
El Rubi,Spain
USS Fred T. Berry (DD-858),United States Navy
Guerrero,Spain
USS Helena I,United States Navy
Henrietta Marie,England
Herrera,Spain
Isaac Allerton,United States
USS Katherine K.,United States Navy
USS Kendrick (DD-612),United States Navy
HMS Looe,Royal Navy
Major General Wallace F. Randolph,United States
USS Morris,United States Navy
USS Nemes,United States Navy
Nuestra Señora de Atocha,Spain
Nuestra Señora del Populo,Spain
USS Patrol No. 1,United States Navy
Queen of Nassau,United States
USS R-12,United States Navy
USS S-16 (SS-121),United States Navy
San Felipe,Spain
San Francisco,Spain
San Jose,Spain
Santa Margarita,Spain
USS Saufley (DD-465),United States Navy
USS Sea Hawk,United States Navy
USS Spiegel Grove (LSD-32),United States Navy
USS St. Sebastian,United States Navy
USS Sturtevant (DD-240),United States Navy
USS Sylvia,United States Navy
Sueco de Arizon,Spain
Tres Puentes,Spain
HMS Tyger,Royal Navy
U-2513,United States Navy
SS Valbanera,Spain
USS Wilkes-Barre (CL-103),United States Navy
USS Ozark (LSV-2),United States Navy
Amaryllis,Panama
Inverrosa,United Kingdom
SS Inchulva,United Kingdom
Lofthus,Norway
Lubrafol,Panama
SS Ohioan,United States
USCGC Blackthorn (WLB-391),United States Coast Guard
Antonio Ensenat,Cuba
Bay Ronto,United Kingdom
Zalophus,United States
USS Basilone,United States Navy
Industry,Kingdom of Great Britain
USC&GS Isis,United States
Urca de Lima,Spain
27°21′N 80°04′W﻿ / ﻿27.350°N 80.067°W﻿ / 27.350; -80.067﻿ (SS Amazone),SS Halsey
A.B. Noyes,United States
SS Commodore,United States
USS Mindanao (ARG-3),United States Navy
Nathan F. Cobb,United States
115,United States
Arlington,Canada
Bannockburn,Canada
Alvin Clark,
America,
SS Anna C. Minch,United States
SS Appomattox,United States
SS Australasia,United States
SS Carl D. Bradley,United States
SS Chicora,United States
Christina Nilsson,
City of Muskegon,United States
Continental,
Dreadnaught,
SS Eber Ward,United States
Erie L. Hackley,United States
SS Eastland,United States
SS Francisco Morazan,Liberia
Gallinipper,United States
General Winfield Scott,United States
George W. Morley,
Green Bay,
Grace Channon,United States
Hennepin,
SS Henry Cort,United States
Home,United States
Iris,United States
Lady Elgin,United States
SS Lakeland,United States
L.R. Doty,United States
Lumberman,
Meridian,United States
SS Milwaukee,United States
Mount Vernon,
Northerner,United States
Ocean Wave,United States
SS Pere Marquette 18,United States
R. J. Hackett,United States
Robert C. Pringle,United States
Rosinco,United States
Rouse Simmons,United States
Silver Spray,
Thomas Hume,
SS Toledo,United States
Sydney C. McLouth,
SM UC-97,Imperial German Navy
SS Selah Chamberlain,United States
SS Walter L. Frost,
1854,"Wreck was discovered in 2010 in Platte Bay, near Traverse City, Michigan.[25]"
11-Nov-40,Sank near Pentwater in the Armistice Day Blizzard.
28 October 1892,The Gilcher was a steel-hulled freighter that went missing on Lake Michigan on 28 October 1892.
17 Fathom wreck,
Admiral,
Adventure,
SS Algeria,
Alva B.,
Angler,
Atlantic,United States
Arches,
Aycliffe Hall,
Bay Coal Schooner,
Black Duck,
Bow Cabin,
British Lion,
Brown Brothers,
Brunswick,
Canobie,
Carlingford,
Cascade,
Case,
C.B. Benson,
C.B. Lockwood,
Cecil J.,
Charger,
Charles B. Packard,
Charles H. Davis,
City of Concord,
City of Dresden,
Clarion,
Cleveco,
Colonel Cook,
Colonial,
Conemaugh,
Craftsman,
David Stewart,
David Vance,
Dundee,
Dunkirk Schooner Site,Unknown
Duke Luedtke,
Edmund Fitzgerald,United States
Elize A. Turner,
Elphicke,
Empire,
Erie,United States
Erieau Quarry Stone,
F.A. Meyer,
Fanny L. Jones,
Frank E. Vigor,
George Dunbar,
George Stone,
George Worthington,
SS G. P. Griffith,
Grand Traverse,
H.A. Barr,
Henry Roop,United States
H.G. Cleveland,
Hickory Stick,
Idaho,
Isabella J. Boyce,
Ivanhoe,
James B. Colgate,United States
James J. Reed,
Jay Gould,
Jennie P. King,
Jersey City,
J.G. McGrath,
J.J. Boland Jr.,
John B. Griffin,
John B. Lyon,
John Pridgeon Jr.,
Jorge B.,
Joseph Paige,
Lawrence,
Lake Serpent,
Little Wissahickon,
Lycoming,
Mabel Wilson,
Madiera,
Magnetic,
Margaret Olwill,United States
Marquette & Bessemer No. 2,
Marshall F. Butters,
Mecosta,
M.J. Wilcox,
Morning Star,United States
Mystic,
New Brunswick,
Northern Indiana,
Paddy Murphy,
Pascal P. Pratt,
Passaic,
Penelope,
Philip Minch,
Pocahontas,
Queen of the West,
Raleigh,
Rebecca Foster,
Robert,
S.F. Gale,
St. James,
Sand Merchant,
Sarah E. Sheldon,
Siberia,
Smith,
Specular,
Sultan,
T-8,
Tasmania,
Tire Reef,
Trade Wind,
Tug Smith,
Two Fannies,
Valentine,
Washington Irving,
Wild Rover,
William H. Vanderbilt,
Willis,
Wilma,
Wocoken,
Young Phoenix,
Milan,
James H. Shrigley Coal,
Undine,
Laura Grace,
Unidentified Wreck,Unknown
Twin Unidentified Wrecks,Unknown
Henry Roney,
US Coast Guard Boat 56022,United States Coast Guard
Perseverance,
Saint Peter,
Orcadian,
Etta Belle,
The Porter,
Congercoal,
David W. Mills,
Mary Kay,
Cormorant,
Robert Bruce,
Cortez,
Hartford,
Ariadne,
William Elgin,
The T. J. Waffle,
Dagger-board,
City of New York,
Onandaga,
Wisconsin,
Hiawatha,
H. B.,
Menominee,
Old Steamer,
North Star,
American,
J.W. Langmuir,
S.S. Ellsworth,
House Boat,
Alberta,
Aloha,
Annie Falconer,Canada
Augustus,
Bay State,
Belle Sheridan,
China,
City of Sheboygan,
Comet,
Cornwall,
Dominion,
Dredge Islander,
Dupont Salvage Scow,
Effie Mae,
Empress,
Frontenac,
George A. Marsh,Canada
George T Davie,
Glendora,
USS Hamilton,United States Navy
Katie Eccles,
KPH Wreck,
Londonderry,
Maple Glen,
Marine Museum 2,
Mark One,
Monkey Wrench,
Munson,
Nisbet Grammer,United Kingdom
SS Noronic,Canada
Olive Branch,
Oliver Mowat,
HMS Ontario,Royal Navy
St. Peter,
Queen Mary,
R.H. Rae,
Ricky's Tug,
Ridgetown,United States
HMS St Lawrence,Royal Navy
S.M. Douglas,
HMS Speedy,Royal Navy
USS Sylph,United States Navy
Terry's Tug,
HMS Toronto,Royal Navy
Waterlily,
William Jamieson,
William Johnston,
HMS Wolfe (later HMS Montreal),Royal Navy
Wolfe Islander II,Canada
24-Sep-58,10-Nov-75
639,Self-unloading Bulk carrier
"The William C. Moreland was a Great Lakes bulk carrier that ran aground due to poor visibility on Sawtooth Reef, Lake Superior.",
1907,6-Nov-18
552,Lake freighter
"The Henry B. Smith was an American bulk freighter that foundered in the Great Lakes Storm of 1913 near Marquette, Michigan. Her wreck was discovered in 2013 by a team of divers led by Jerry Eliason.",46°54′50″N 87°19′59″W﻿ / ﻿46.914°N 87.333°W﻿ / 46.914; -87.333﻿ (SS Henry B. Smith)
524,Lake freighter
Alva,
Aransas,
USS Bancroft,United States Navy
Dixie Sword,
Emmy Rose,
General Greene,United States Coast Guard
Horatio Hall,
James Longstreet,United States
Kate Harding,
Angela,
City of Taunton,United States
Colonel William B. Cowin,
Hilda Garston,
USS Yankee,United States Navy
Ardandhu,
SS City of Columbus,United States
Dynafuel,United States
Herman Winter,
John S. Dwight,
Leonardo,
Mertie B. Crowley,
Nantucket,United States
USS Valor,United States Navy
Ada K. Damon,United States
USS Albert Gallatin,United States Navy
Alice M. Colburn,
Alma A. E. Holmes,United States
California,
Charles S. Haight,
Chelsea,
Chester A. Poling,
Edward Rich,
Ellenora Van Dusen,
Frank A. Palmer,United States
USS Grouse,United States Navy
Herbert,
Jennie M. Carter,
Joffre,United States
Lamartine,United States
Louise B. Crary,United States
Monohansett,United States
USS New Hampshire,United States Navy
USS Nezinscot,United States Navy
Nina T,
Northern Voyager,
Portland,United States
Alice M. Lawrence,
MV Argo Merchant,Liberia
Unnamed crane barge,
Edward E. Briry,
Fort Mercer,
French Van Gilder,
Jennie French Potter,
Kershaw,
LV-117,United States
LV-58,United States
SS North American,United States
"Coords = off Chicago, Lake Michigan. (?)",Pemberton
41°30′59″N 70°37′41″W﻿ / ﻿41.51639°N 70.62806°W﻿ / 41.51639; -70.62806﻿ (Pemberton),RawFaith
40°09′N 69°44′W﻿ / ﻿40.150°N 69.733°W﻿ / 40.150; -69.733﻿ (German submarine U-550),RMS Republic
40°26′03″N 69°46′0″W﻿ / ﻿40.43417°N 69.76667°W﻿ / 40.43417; -69.76667﻿ (RMS Republic),SS Andrea Doria
Ann,United States
Ceres,
Columbia,
Baleen,
City of Salisbury,
Coyote,
Davis Palmer,
Kiowa,
Mary E. O'Hara,
Maritana,United States
USS Aeolus,United States Navy
SS Allan Jackson,United States
Altoona,
MV Amerikaland,Sweden
CSS Appomattox,Confederate States Navy
SS Ario,
SS Ashkhabad,Soviet Union
SS Arabutan,Brazil
USS Aster,United States Navy
USS Atik,United States Navy
Atlas,United States
MV Australia,United States
USS Bainbridge,United States Navy
USS Bazely,United States Navy
HMT Bedfordshire,Royal Navy
USCGC Bedloe,United States Coast Guard
CSS Bendigo,Confederate States Navy
CSS Black Warrior,Confederate States Navy
MV Bluefields,Nicaragua
Bounty,United States
British Splendour,United Kingdom
SS Buarque,Brazil
SS Byron D. Benson,
Carroll A. Deering,United States
SS Caribsea,
SS Carl Gerhard,
SS Cassimer,
SV Catherine M. Monahan,
SS Central America,United States
SS Chilore,
USS Chopper,United States Navy
SS Ciltvaira,Latvia
City of Atlanta,United States
City of Houston,United States
USS Columbia,United States Navy
USS Comte de Grasse,United States Navy
CSS Curlew,Confederate States Navy
USS Cythera,United States Navy
USS Dionysus,United States Navy
SS Dixie Arrow,United States
CSS Ellis,Confederate States Navy
SS E.M. Clark,United States
Empire Gem,United Kingdom
Empire Thrush,
SS Equipoise,Panama
Esso Nashville,United States
Explorer (tugboat),
CSS Fanny,Confederate States Navy
CSS Forrest,Confederate States Navy
SS F.W. Abrams,United States
Fenwick Island,
Francis E. Waters,
G.A. Kohler,
General E. L. F. Hardcastle,
George E. Klinck,United States
SS George Weems,
SS Glanayron,United Kingdom
Governor Ames,United States
Gray Ghost,
SV Helen H. Benedict,
Hereford,Norway
SS Hesperides,United Kingdom
SS Home,United States
USS Home,United States
USS Huron,United States
USS Indra,United States Navy
USS Iron Age,United States Navy
SS Isle of Iona,United Kingdom
USCGC Jackson,United States Coast Guard
John D. Gill,
John Hunter,
SS Kassandra Louloudis,Greece
SS Kentucky,United States
USS Keshena,United States Navy
MV Koll,Norway
Kyzickes,
SS Lancing,Norway
Laura A. Barnes,
Liberator,
SS Ljubica Matkovic,Yugoslavia
Lois Joyce,
USS Louisiana,United States Navy
USS Mahackemo,United States Navy
SS Malchace,United States
SS Manuela,United States
USS Margaret,United States Navy
SS Marlin,Liberia
SS Marore,
SS Merak,United States
Metropolis,
SS Mirlo,
SS Modern Greece,
USS Monitor,United States Navy
SS Naeco,
CSS Neuse,Confederate States Navy
USS New Jersey,United States Navy
SS Nordal,Panama
SS Normannia,
SS Northeastern,United States
SS Norvana,United States
CSS North Carolina,Confederate States Navy
SS Olympic,Panama
SS Oriental,
USS Otsego,United States Navy
SS Papoose,United States
USS Peterhoff,United States Navy
Pevensey,Confederate States of America
SS Phantom,Confederate States of America
USS Pilgrim,United States
Porta Allegra,
SS Proteus,
Pulaski,United States
Queen Anne's Revenge,Pirate
CSS Raleigh,Confederate States Navy
El Salvador,Spain
SS San Delfino,United Kingdom
SS Santiago,United States
USS Schurz,United States Navy
CSS Sea Bird,Confederate States Navy
HMT Senateur Duhamel,Royal Navy
USS South Wind,United States Navy
MV Southern Isles,United States
USS Southfield,United States Navy
USCGC Spar,United States Coast Guard
HMCS St. Laurent,Canadian Maritime Forces
SS Strathairly,
SS Stormy Petrel,
Suloide,Brazil
SS Tamaulipas,United States
USS Tarpon,United States Navy
SS Theodore Parker,
USS Tiru,United States Navy
U-352,Kriegsmarine
U-576,Kriegsmarine
U-701,Kriegsmarine
U-85,Kriegsmarine
SS Ulysses,United Kingdom
USS Underwriter,United States Navy
Valour,United States
SS Venore,United States
SS Veturia,United Kingdom
USS Virginia,United States Navy
SS W.E. Hutton,United States
SS West Ivis,United States
EM[a] Wilcox,
SS William Rockefeller,United States
USS Yancey,United States Navy
SS York,
SS Zane Gray,United States
Santo Cristo de Burgos,Spain
SS General Warren,United States
Detroit,
Brant,
Millie Bond,
Lupatia,
Kate L. Heron,
Pilots Bride,
Carmarthen Castle,
Queen of the Bay,
Garcia,
Occident,
Lila and Mattie,
Laguna,
Pioneer,
Charles H. Merchant,
Gem,
Peter Iredale,United Kingdom
Gerald C.,
Antelope,
Emily Reed,United States
Hill,
Ida Schnauer,
Argo #1,
Vida,
George R. Vosberg,
C.T. Hill,
Mimi,
Glenesslin,
Francis H. Leggett,United States
Oakland,
Life-Line,United States
Venus,
Sea Island,
Tyee,
Samuel Roberts,
Bostonian,
Almira,
Juliet,
Nassau,
Roanoke,
Joseph Warren,
Fawn,
Calumet,
Blanco,
Cornelia Terry,
Ork,
Annie G. Doyle,
Meldon,
Bobolink,
Sparrow,
Lizzie,
Caroline Medeau,
Phil Sheridan,
Olivia Schultze,
Tacoma,
Phoebe Fay,
Ona,
Beda,
Emma Utter,
Yaquina City,
Yaquina Bay,United States
Alaskan,United States
Fearless,
Struan,
Maggie Ross,
St. Charles,
Mary Gilbert,
Bandorville,
Volante,
Truckee,
Atalanta,
Nettie Sundberg,
Charles Nelson,
Ocean Spray,
Alice Kimball,
Quickstep,
Bella,
Berwick,
J. Marhoffer,United States
Wilhelmina,
Pilgram,
Condor,
Frederick,
Hugh Hogan,
Graywood,
Anvil,
Washtucna,
Admiral Nicholson,
G.C. Lindauer,
Yaquina,
Parker #2,
Dorothy Joan,
Etta Kay,
John Aspin,
Helori,
L.H. Coolidge,
Captain Ludvig,
Blue Magpie,Panama
New Carissa,Philippines
Bandon,
Cohansa,
Echo,
Jackson,
New World,
W.L. Hackstaff,
Captain Lincoln,
Anita,
Chansey,
Quadratus,
Baltimore,
Cyclops,
Energy,
Noyo,
D.M. Hall,
Alaska,
Ida D. Rogers,
Commodore,
Charles Devans,
Bunkalation,
Jenny Thelin,
Laura May,
Northwester,
Mary Schowner,
Messenger,
Harriet Rose,
Perpetua,
Oregonian,
Esther Colos,
Gussie Telfair,
Mose,
Escort,
Dawn,
Ocean King,
Julia H. Ray,
Parkersburg,
Rosalind,
Express,
Charles W. Wetmore,United States
Emily,
T.W. Lucas,
Bawnmore,
Ella Laurena,
Arago,
Cyclone,
Moro,
Monterey,
South Portland,
Fulton,
Western Home,
Del Norte,
Onward,
Melanope,
Daisy,
Chinook,
Novelty,
Marconi,
Czarina,
San Buenaventura,
Washcalore,
North Star #1,
Osprey,
Advent,
Randolph,
Claremont,
Santa Clara,
Fifield,
Sinaloa,
Wallacut,
Rustler,
J. A. Chanslor,United States
Adel,
Joan of Arc,
Ozmo,
Sea Eagle,
Brush,
C.A. Smith,
Acme,
Mary E. Moore,
Sujameco,
Fort Bragg,
E. L. Smith,
Golden West,
Golden Bear,
Cottoneva,
Willapa #2,
Camden,
Larry Doheny,
Susan Olson,
Y M S #133,
George L. Olson,
Alvarado,
Ida M.,
Alice H.,
Helen E.,
Cynthia Olson,
Oliver Olson,
Port of Pasco #510,
Andrew Jackson,
Bully Washington,
Scottsburg,Telephone
Multnomah Channel / Willamette River,Scappoose
"A steamship that was wrecked on the rocks.  The 160 passengers and most of the freight were landed on the Oregon shore.[23]  Towed in to drydock at Cascade Locks around September 1.  The hull was found to be a ""complete wreck.""[24]",Columbia River
11-Jun-00,Tore hole in bottom and sank in ten feet of water.[25] Steamship
Welcome,
ARA Comodoro Py,Argentine Navy
Crown of Italy,United Kingdom
Desdemona,
Duchess of Albany,
ARA General Belgrano,Argentine Navy
Potosi,Chile
Sarmiento,
St. Christopher,Costa Rica
Usurbil,
Aquidabã,Brazil Navy
Bezerra de Menezes,
Campos,
SMS Cap Trafalgar,German Empire
Elihu B. Washburne,
Kapunda,United Kingdom
Kestrel,United Kingdom
RMS Magdalena,United Kingdom
Novo Amapa,
Pinguino,
Príncipe de Asturias,Spain
Sir Foxwell Buxton,United Kingdom
Sobral Santos II,Brazil
Stag Hound,United States
Tocantins,
U-128,Kriegsmarine
Almirante Latorre,Chilean Navy
Ambassador,United Kingdom
Angamos,Chile
Blanco Encalada,Chilean Navy
Casma,Chilean Navy
Cazador,Chilean Navy
HMS Challenger,Royal Navy
County of Peebles,Chile
HMS Doterel,Royal Navy
El Canelo,
Esmeralda,Chilean Navy
ARA Fournier,Argentine Navy
HMS Good Hope,Royal Navy
ARA Guaraní,Argentine Navy
Independencia,Peruvian Navy
Janequeo,Chilean Navy
John Elder,
Kate Kellok[13],
Logos,
BAP Manco Cápac,Peruvian Navy
HMS Monmouth,Royal Navy
Monteagudo,Chile
O'Higgins,Argentine Navy
Olympian,United States
Oriflamme,Spain
Sancti Espiritus,Spain
Santa Leonor,United States
HMS Wager,Royal Navy
Jesus Maria de la Limpia Concepcion,Spain
Santa Maria de la Consolacion,Spain
HMS Antelope,Royal Navy
HMS Ardent,Royal Navy
HMS Coventry,Royal Navy
ARA Isla de los Estados,Argentine Navy
Ann Alexander,United States
Jessica,Ecuador
Adresito,
Covadonga,Chile
La Chachita,
Santa Elena,
Admiral Graf Spee,Kriegsmarine
HMS Agamemnon,Royal Navy
Sesostris,Nazi Germany
Aikoku Maru,Imperial Japanese Navy
Fujikawa Maru,Imperial Japanese Navy
Fumizuki,Imperial Japanese Navy
Heian Maru,Imperial Japanese Navy
Sankisan Maru,Empire of Japan
Shinkoko Maru,Empire of Japan
I-169,Imperial Japanese Navy
Tachikaze,Imperial Japanese Navy
Umikaze,Imperial Japanese Navy
Amatsu Maru,Empire of Japan
Bichu Maru,Empire of Japan
Chuyo Maru,Imperial Japanese Army
Gozan Maru,Imperial Japanese Army
Irō,Imperial Japanese Navy
Kamikaze Maru,Imperial Japanese Navy
Kibi Maru,Imperial Japanese Navy
Nagisan Maru,Imperial Japanese Navy
USS Perry,United States Navy
Raizan Maru,Imperial Japanese Army
Ryuko Maru,Imperial Japanese Navy
Samidare,Imperial Japanese Navy
Sata,Imperial Japanese Navy
Teshio Maru,Imperial Japanese Navy
Urakami Maru,Imperial Japanese Navy
Wakatake,Imperial Japanese Navy
SMS Planet,German Empire
MV Senopati Nusantara,Indonesia
MV Levina 1,Indonesia
SS Norwich City,United Kingdom
Canton,United States
Golden Sunset,United Kingdom
President Taylor,United States Army
USS Anderson,United States Navy
USS Apogon,United States Navy
USS Arkansas,United States Navy
USS Barrow,United States Navy
USS Carlisle,United States Navy
USS Gilliam,United States Navy
SS Kembu Maru,Empire of Japan
USS Lamson,United States Navy
USS LST-545,United States Navy
USS LST-661,United States Navy
Nagato,Imperial Japanese Navy
USS Pennsylvania,United States Navy
USS Pilotfish,United States Navy
Prinz Eugen,Kriegsmarine
Sakawa,United States Navy
USS Saratoga,United States Navy
Toreshima Maru,Imperial Japanese Navy
Anjou,France
TSS Arahura,New Zealand
Boyd,United Kingdom
HMS Buffalo,Royal Navy
HMNZS Canterbury,Royal New Zealand Navy
Cowan,New Zealand
Darra,New Zealand
Derry Castle,United Kingdom
Dundonald,United Kingdom
SS Elingamite,Australia
England's Glory,United Kingdom
Endeavour II,Canada
General Grant,United States
Holmbank,New Zealand
MV Holmglen,New Zealand
Hydrabad,United Kingdom
MV Kaitawa,New Zealand
MS Mikhail Lermontov,Soviet Union
RMS Niagara,United Kingdom
HMS Orpheus,Royal Navy
SS Penguin,New Zealand
SS Port Kembla,New Zealand
HMNZS Puriri,Royal New Zealand Navy
Queen Bee,United Kingdom
Rainbow Warrior,Netherlands
MV Rena,Liberia
HMS Sandfly,Royal Navy
Sydney Packet,Australia
SS Tararua,New Zealand
HMS Torch,Royal Navy
Torrington,Australia
HMNZS Tui,Royal New Zealand Navy
SS Victory,United Kingdom
Wahine,New Zealand
HMNZS Waikato,Royal New Zealand Navy
SS Wairarapa,New Zealand
HMNZS Wellington,Royal New Zealand Navy
William and John,New Zealand
USS Brownson,United States Navy
HMAS Geelong,Royal Australian Navy
Hakaze,Imperial Japanese Navy
SS Kyokusei Maru,Imperial Japanese Army
MV Macdhui,United Kingdom
Mikazuki,Imperial Japanese Navy
USS Mount Hood,United States Navy
SS Pruth,United Kingdom
Ro-33,Imperial Japanese Navy
USS S-39,United States Navy
Tenryū,Imperial Japanese Navy
W-26,Imperial Japanese Navy
Yūgiri,Imperial Japanese Navy
Staghound,British Australian colony
SMS Adler,Imperial German Navy
SMS Eber,Imperial German Navy
USS Trenton,United States Navy
Wild Wave,
Cornwallis,
Khandeish,
Acadia,
Oregon,
Bowdon,
Lady of St Kilda,United Kingdom
USS Chicago,United States Navy
USS Helena,United States Navy
Jintsu,Imperial Japanese Navy
USS Juneau,United States Navy
Ro-34,Imperial Japanese Navy
Yūgumo,Imperial Japanese Navy
Yura,Imperial Japanese Navy
USS Aaron Ward,United States Navy
Akatsuki,Imperial Japanese Navy
USS Astoria,United States Navy
Ayanami,Imperial Japanese Navy
USS Barton,United States Navy
HMAS Canberra,Royal Australian Navy
USS Colhoun,United States Navy
USS Cushing,United States Navy
USS De Haven,United States Navy
USS Duncan,United States Navy
Fubuki,Imperial Japanese Navy
Furutaka,Imperial Japanese Navy
USS George F. Elliott,United States Navy
Hiei,Imperial Japanese Navy
Hirokawa Maru,Imperial Japanese Navy
USS Jarvis,United States Navy
USS John Penn,United States Navy
Kasi Maru,Imperial Japanese Navy
USS Kanawha,United States Navy
Kinugawa Maru,Imperial Japanese Navy
Kirishima,Imperial Japanese Navy
USS Laffey,United States Navy
USS Little,United States Navy
Makigumo,Imperial Japanese Navy
HMNZS Moa,Royal New Zealand Navy
USS Monssen,United States Navy
USS Northampton,United States Navy
USS Preston,United States Navy
PT-37,United States Navy
PT-44,United States Navy
PT-111,United States Navy
PT-112,United States Navy
PT-123,United States Navy
USS Quincy,United States Navy
USS Seminole,United States Navy
USS Serpens,United States Navy
Takanami,Imperial Japanese Navy
Teruzuki,Imperial Japanese Navy
Toa Maru,Imperial Japanese Navy
USS Vincennes,United States Navy
USS Walke,United States Navy
MS World Discoverer,Liberia
YP-284,United States Navy
Yūdachi,Imperial Japanese Navy
Abbey,New South Wales
Ability,New South Wales
Absalom,New South Wales
Acielle,Australia
Active,New South Wales
Ada,Unknown
Ada and Ethel,New South Wales
Adelaide,New South Wales
HMAS Adelaide,Royal Australian Navy
Adele,Royal Australian Navy
Adelphoi,New South Wales
Adolphe,France
Advance (1874),Australia
Advance (1884),Australia
Aenid,New South Wales
Agnes (1849),Canada
Agnes (1853),New South Wales
Agnes (1875),New South Wales
Agnes (1877),New South Wales
Agnes (1904),Australia
Agnes Irving,New South Wales
Alhambra,New South Wales
HMAS Anzac,Royal Australian Navy
Argument,New South Wales
HMAS Arunta,Royal Australian Navy
HMAS Australia,Royal Australian Navy
Bantam,Netherlands
Barcoo,Australia
Bellubera,Australia
Bluebell,Australia
Bombo,Australia
Bonnie Dundee,New South Wales
Brighton,Australia
Britannia,United Kingdom
Buster,Australia
Catterthun,New South Wales
Cawarra,New South Wales
Charlotte,United Kingdom
HMAS Colac,Royal Australian Navy
Colonist,United Kingdom
Comboyne,Australia
Contest,New South Wales
USS Craven,United States Navy
HMAS Doomba,Royal Australian Navy
Duckenfield,New South Wales
Dunbar,Unknown
Edward Lombe,United Kingdom
Edwin,New South Wales
Eleanor Lancaster,United Kingdom
Elizabeth Henrietta,New South Wales
HMAS Encounter,Royal Australian Navy
Enterprize,United Kingdom
Estramina,New South Wales
Fairwind,Australian Army
Fingal,Australia
Fitzroy,Australia
Francis,New South Wales
HMAS Geranium,Royal Australian Navy
HMAS Goolgwai,Royal Australian Navy
Governor Hunter,New South Wales
Governor King,New South Wales
Grecian,Tasmania
Greycliffe,Australia
Hawkesbury Packet,New South Wales
Hazard,New South Wales
Herald,New South Wales
Hereward,United Kingdom
Hive,United Kingdom
Hope,New South Wales
HMAS Huon,Royal Australian Navy
Iron Knight,Australia
Itata,United Kingdom
HMAS Karangi,Royal Australian Navy
HMAS Kara Kara,Royal Australian Navy
HMAS Kianga,Royal Australian Navy
HMAS Kookaburra,Royal Australian Navy
Koonya,New South Wales
Koraaga,Australia
HMAS Kuttabul,Royal Australian Navy
Limerick,New Zealand
Lindus,Victoria
M84,Imperial Japanese Navy
Maianbar,Australia
HMS Mallow,Royal Navy
HMAS Marguerite,Royal Australian Navy
Martha,New South Wales
HMAS Medea,Royal Australian Navy
HMAS Mercedes,Royal Australian Navy
Merksworth,New South Wales
Narara,Australia
Nimbin,Australia
Norfolk,Great Britain
HMAS Olive Cam,Royal Australian Navy
USS Osborne,United States Navy
HMAS Paterson,Royal Australian Navy
HMAS Pioneer,Royal Australian Navy
Queen of Nations,United Kingdom
Recovery,United Kingdom
Shockwave,Australia
HMAS Stalwart,Royal Australian Navy
HMAS Swan,Royal Australian Navy
Sygna,Norway
Tassie III,United States Army
Three Bees,United Kingdom
Titan,Singapore
HMAS Torrens,Royal Australian Navy
Trial,New South Wales
Tuncurry,Australia
Tuggerah,Unknown
HMAS Vendetta,Royal Australian Navy
HMAS Vigilant,Royal Australian Navy
Wandra,Australia
HMAS Waree,Royal Australian Navy
Wendouree,New South Wales
William Cossar,New South Wales
Windsor,New South Wales
Wollongbar (1911),Australia
Wollongbar (1922),Australia
HMAS Woomera,Royal Australian Navy
USS WST-1,United States Navy
HMAS Yarra,Royal Australian Navy
HMS Sirius,Royal Navy
HMAS Arrow,Royal Australian Navy
Booya,Australia
Brisbane,Queensland
British Motorist,United Kingdom
Darwin Princess,Unknown
Don Isidro,United States Army
Ellengowan,United Kingdom
HMAS Hankow,Royal Australian Navy
I-124,Imperial Japanese Navy
Kelat,Royal Australian Navy
HMAS Maroubra,Royal Australian Navy
Mauna Loa,United States Navy
HMAS Mavie,Royal Australian Navy
USAT Meigs,United States Army
Neptuna,Hong Kong
HMAS Patricia Cam,Royal Australian Navy
USS Peary,United States Navy
Zealandia,Australia
Aarhus,Unknown
Bee,Australia
HMAS Carroo,Royal Australian Navy
Cato,United Kingdom
AHS Centaur,Royal Australian Navy
Cherry Venture,Singapore
City of Adelaide,Australia
Dicky,Unknown
Duke of York,United Kingdom
HMQS Gayunda,Royal Australian Navy
George Rennie,Australia
Gothenburg,Victoria
HMS Harrier,Royal Navy
Jenny Lind,Unknown
Lady Bowen,Unknown
Maheno,New Zealand
Marloo,Australia
HMS Mermaid,Royal Navy
Moltke,Australia
HMS Porpoise,Royal Navy
RMS Quetta,United Kingdom
Scottish Prince,Unknown
Swiftsure,United Kingdom
HMAS Warrnambool,Royal Australian Navy
HMAS Wyatt Earp,Royal Australian Navy
Yongala,Australia
USS YP-279,United States Navy
Aagot,Norway
Admella,South Australia
Albatross,Unknown
Clan Ranald,United Kingdom
Edith Haviland,Unknown
Eleni K,Unknown
Ellen,South Australia
Ethel,Unknown
Fanny,Unknown
Ferret,South Australia
Frances,South Australia
Gloridia V,Unknown
Geltwood,United Kingdom
Hougomont,Finland
Investigator,Unknown
Koenig Wilhelm II,Unknown
Lady Kinnaird,United Kingdom
Loch Sloy,United Kingdom
Loch Vennachar,United Kingdom
Macintyre,Unknown
Marion,Unknown
No 5 dumb hopper barge,Australia
Notre Dame d'Avor,Unknown
Postboy,Australia
Saint Michele,Unknown
Santiago,Australia
Songvaar,Norway
Star of Greece,Unknown
South Australian,United Kingdom
Tom Brennan,Australia
Varoon,Unknown
Willyama,Unknown
Zanoni,United Kingdom
Actaeon,
Blythe Star,
The Brothers,
Cataraqui,
Campbell Macquarie,
Daphne,
Enchantress,
George III,
Hebe,
Iron Baron,
Lake Illawarra,
Nella Dan,
Netherby,
Neva,
Phatisalam,
Sydney Cove,
Cambridge,
HMVS Cerberus,
Cheviot,
City of Launceston,
City of Rayville,
Clonmel,
Curlip,
Earl of Charlemont,
Falls of Halladale,
HMAS Goorangai,Royal Australian Navy
HMVS Gordon,
Joseph H. Scammell,
Kanowna,
Lady Mary Pelham,
Lightning,
Loch Ard,
Petriana,
Saros,
Alacrity,
Alice,Unknown
Alkimos,
Arpenteur,
Batavia,
Batoe Bassi,Netherlands
Belinda,
Ben Dearg,
Ben Ledi,Unknown
Bittern,Unknown
Bunyip (or Cartabunup),Unknown
Carlisle Castle,United Kingdom
Centaur,
Cervantes,Unknown
City of York,
Cochituate,United States
Correio da Azia,Portugal
Cumberland,
HMAS Derwent,Royal Australian Navy
Emily Taylor,Unknown
Emma,Unknown
Fanny Nicholson,
Georgette,
Hadda,Unknown
Hero of the Nile,Unknown
James,Unknown
James Matthews,Unknown
James Service,Unknown
Jon Jim,Unknown
Koolama,
Korean Star,
Kori,Unknown
Kormoran,Kriegsmarine
Kwinana,
Lady Elizabeth,
Lady Lyttleton,
Lively,United Kingdom
Manfred,Unknown
Mountaineer,Unknown
Ocean Queen,Unknown
RMS Orizaba,
Pericles,
Preston,Unknown
Rapid,United States
Redemptora,Brazil
Sanko Harvest,
Swift,Tasmania
HMAS Sydney,Royal Australian Navy
Thames,
Tryall,
Twilight,Unknown
HMS Undine,Royal Navy
Vergulde Draeck,
HMAS Wallaroo,Royal Australian Navy
Wave,
Xantho,
Yarra,Unknown
Zeewijk,
Zuytdorp,
USS Jeannette,United States Navy
HMS Achates,Royal Navy
RFA Aldersdale,Royal Navy
SS Andrew G. Curtin,United States
HMS Bickerton,Royal Navy
BO-229,Soviet Navy
BO-230,Soviet Navy
SS Daniel Morgan,United States
HMS Edinburgh,Royal Navy
SS Edward H. Crockett,United States
SS Empire Byron,United Kingdom
SS Empire Cowper,United Kingdom
SS El Occidente,United States
Z16 Friedrich Eckoldt,Kriegsmarine
FV Gaul,United Kingdom
HMS Goodall,Royal Navy
M-175,Soviet Navy
HMS Matabele,Royal Navy
SS Thomas Scott,United States
HMS Trinidad,Royal Navy
SM U-28,Kriegsmarine
U-288,Kriegsmarine
U-314,Kriegsmarine
U-354,Kriegsmarine
U-425,Kriegsmarine
U-457,Kriegsmarine
U-472,Kriegsmarine
U-585,Kriegsmarine
U-589,Kriegsmarine
U-655,Kriegsmarine
RFA Gray Ranger,Royal Navy
Hinrich Freese,Kriegsmarine
Lauenburg,Kriegsmarine
SS Oliver Ellsworth,United States
SS Santa Rosa,United States
HMS Somali,Royal Navy
SS Stalingrad,Soviet Union
U-88,Kriegsmarine
U-289,Kriegsmarine
U-408,Kriegsmarine
MY Ady Gil,New Zealand
MV Explorer,Liberia
San Telmo,Spain
Aura II,Finnish Navy
SMS Bremen,Imperial German Navy
HMS Cassandra,Royal Navy
SMS Friedrich Carl,Imperial German Navy
HMS Gentian,Royal Navy
MV Goya,Nazi Germany
Ilmarinen,Finnish Navy
MS Jan Heweliusz,Poland
Koral,Soviet Navy
Ladoga,Imperial Russian Navy
Lefort,Imperial Russian Navy
HMS Myrtle,Royal Navy
Oleg,Soviet Navy
Pallada,Imperial Russian Navy
SS Park Victory,United States
SMS Prinz Adalbert,Imperial German Navy
Rusalka,Imperial Russian Navy
S2,Finnish Navy
SMS S31,Imperial German Navy
Sivuch,Imperial Russian Navy
Achille,French Navy
Agosta,French Navy
Arendskerk,Netherlands
Berenice,Netherlands
Dupetit-Thouars,French Navy
Diane,French Navy
España,Spanish Republican Navy
Gueydon,French Navy
Infernet,French Navy
Kléber,French Navy
Neion,Greece
HMS Serpent,Royal Navy
U-621,Kriegsmarine
U-1222,Kriegsmarine
Portugal,Imperial Russian Navy
Struma,Panama
MT Unirea,Romania
Alegrete,Brazil
Amakura,United Kingdom
Ante Matkovic,Kingdom of Yugoslavia
Ardenvohr,United Kingdom
Arkansan,United States
Arriaga,Panama
Beatrice,United States
Blankaholm,Sweden
Brabant,Belgium
British Consul,United Kingdom
Bruxelles,Belgium
USS Caron,United States Navy
MV C.O. Stillman,Panama
MV Christena,St. Kitts and Nevis
USS Dorado,United States Navy
SS Empire Amethyst,United Kingdom
SS Empire Buffalo,United Kingdom
SS Empire Cloud,United Kingdom
SS Empire Cromwell,United Kingdom
SS Empire Explorer,United Kingdom
SS Faja de Oro,Mexico
Flora,Netherlands
Furor,Spanish Navy
Gonçalves Dias,Brazil
Infanta Maria Teresa,Spanish Navy
Jorge Juan,Spanish Navy
Kahuku,United States
USS Kearsarge,United States Navy
USS Maine,United States Navy
SS Melville E. Stone,United States
USS Merrimac,United States Navy
SS Norlantic,United States
USS O-5,United States
Plutón,Spanish Navy
Poelau Roebiah,Netherlands
Port Montreal,United Kingdom
USS R-12,United States Navy
Regent,Latvia
Reina Mercedes,Spanish Navy
Rotterdam,Netherlands
Sally,Honduras
Stad Amsterdam,Netherlands
Surcouf,Free French Naval Forces
USS Sylvan Arrow,United States Navy
Tachirá,United States
USS Texan,United States Navy
Tuscaloosa City,United States
U-94,Kriegsmarine
U-153,Kriegsmarine
U-159,Kriegsmarine
U-359,Kriegsmarine
U-654,Kriegsmarine
Valera,Panama
West Celina,United States
West Hardaway,United States
SS Alcoa Puritan,United States
Amatlan,Mexico
Baja California,Honduras
Bayard,Norway
Benjamin Brewster,United States
Bosiljka,Kingdom of Yugoslavia
D/S Cadmus,Norway
Carrabulle,United States
SS City of Everett,United States
Gulfoil,United States
Gundersen,Norway
Halo,United States
Hamlet,Norway
USS Hatteras,United States Navy
Holstein,Honduras
J. W. Clise,United States
SS Las Choapas,Mexico
Moira,Norway
Rawleigh Warner,United States
San Blas,Panama
USS Tacoma,United States Navy
USS Tecumseh,United States Navy
Tuapase,Soviet Union
SS Tuxpam,Mexico
Virginia,United States
SS Ajax,Norway
Akaroa,Norway
HMS Blackwood,Royal Navy
RMS Connaught,United Kingdom
Courbet,French Navy
SS Donegal,United Kingdom
ORP Dragon,Polish Navy
SS Espagne,Belgium
SS Glenartney,United Kingdom
HMS Gladiator,Royal Navy
HMS LCT-1074,Royal Navy
SS Léopoldville,Belgium
HMS Limbourne,Royal Navy
USS LST-314,United States Navy
HMS Monarch,Royal Navy
SS Ouse,United Kingdom
SS Rye,United Kingdom
HNLMS Sumatra,Royal Netherlands Navy
U-212,Kriegsmarine
U-275,Kriegsmarine
U-327,Kriegsmarine
U-671,Kriegsmarine
U-672,Kriegsmarine
U-678,Kriegsmarine
U-988,Kriegsmarine
UB-72,Imperial German Navy
UB-74,Imperial German Navy
UB-78,Imperial German Navy
UB-109,Imperial German Navy
HMS Wessex,Royal Navy
HMS Cochrane,Royal Navy
U-1024,Royal Navy
U-1051,Kriegsmarine
U-1172,Kriegsmarine
USAT Dorchester,United States Army
USCGC Escanaba,United States Coast Guard
SS Flynderborg,United Kingdom
HMS Abdiel,Royal Navy
Achéron,French Navy
Actéon,French Navy
HMAS AE2,Royal Australian Navy
SS Almeria Lykes,United States
Almirante Ferrándiz,Spanish Navy
Alose,French Navy
Amalfi,Regia Marina
Amiral Charner,French Navy
SS Amiral Magon,France
RMS Arabia,United Kingdom
Argonaute,French Navy
Ariane,French Navy
HMS Ark Royal,Royal Navy
Armando Diaz,Regia Marina
Artigliere,Regia Marina
HMS Athenienne,Royal Navy
SS Athos,France
Aurore,French Navy
SS Australien,France
Baleares,Spanish Navy
HMS Barham,Royal Navy
Barbaros Hayreddin,Ottoman Navy
SS Baron Gautsch,Austria-Hungary
USS Beatty,United States Navy
HMS Bedouin,Royal Navy
Bernoulli,French Navy
HMS Blean,Royal Navy
HMS Bonaventure,Royal Navy
Bretagne,French Navy
HMS Broke,Royal Navy
USS Buck,United States Navy
HMS Cachalot,Royal Navy
HMS Cairo,Royal Navy
HMS Calcutta,Royal Navy
Calypso,French Navy
HMS Calypso,Royal Navy
SS Cameronia,United Kingdom
Châteaurenault,French Navy
SS Chesterfield,United Kingdom
SS City of Bradford,United Kingdom
Condorcet,French Navy
Console Generale Liuzzi,Regia Marina
HMS Cornwallis,Royal Navy
HMS Bayano,Royal Navy
SS Dettifoss,Iceland
HMS Emerald,Royal Navy
U-680,Kriegsmarine
U-968,Kriegsmarine
UB-82,Imperial German Navy
HMS Aboukir,Royal Navy
RMS Alcantara,United Kingdom
HMS Arabis,Royal Navy
HMS Argyll,Royal Navy
SMS Ariadne,Imperial German Navy
SMS Blücher,Imperial German Navy
Bourbon Dolphin,Norway
SS Charkow,Denmark
SS Charles D. McIver,United States
HMS Coquette,Royal Navy
HMS Cressy,Royal Navy
HMS D5,Royal Navy
Dana,Royal Danish Navy
HMS Daring,Royal Navy
SS Deutschland,German Empire
Doris,French Navy
HMS Dunoon,Royal Navy
HMS E22,Royal Navy
HMS Esk,Royal Navy
HMS Exmouth,Royal Navy
HMS Falcon,Royal Navy
SS Flandria,Sweden
HMS Flirt,Royal Navy
HMS Fortune,Royal Navy
HMS G9,Royal Navy
SMS G42,Imperial German Navy
SMS G85,Imperial German Navy
HMS Gala,Royal Navy
SMS Greif,Imperial German Navy
HMS Grenville,Royal Navy
HMS Gurkha,Royal Navy
MT Gustaf E. Reuter,Sweden
HMS Hawke,Royal Navy
SMS Hela,Imperial German Navy
SS Henry B. Plant,United States
HMS Hogue,Royal Navy
SS Horace Binney,United States
HMS Iphigenia,Royal Navy
HMS Itchen,Royal Navy
HMS Ivanhoe,Royal Navy
HMS K1,Royal Navy
USS Kerwood,United States Navy
SMS Königin Luise,Imperial German Navy
German cruiser Leipzig,Royal Navy
SS Linda,Estonia
SMS Mainz,Imperial German Navy
HMS Mary Rose,Royal Navy
SS Narva,United Kingdom
HMS Natal,Royal Navy
HMS Nestor,Royal Navy
HMS Nomad,Royal Navy
HMS Acasta,Royal Navy
HMS Afridi,Royal Navy
HMS Curlew,Royal Navy
HMS Effingham,Royal Navy
Executive,United States
HMS Glorious,Royal Navy
HMS Glowworm,Royal Navy
Greylock,United States
Hessen,Kriegsmarine
USS Howick Hall,United States Navy
HMT Juniper,Royal Navy
K-278 Komsomolets,Soviet Navy
HMS Kite,Royal Navy
SMS Leopard,Imperial German Navy
HMS Mahratta,Royal Navy
SS Orizaba,Nazi Germany
HMS Punjabi,Royal Navy
U-277,Kriegsmarine
U-292,Kriegsmarine
U-308,Kriegsmarine
U-317,Kriegsmarine
U-335,Kriegsmarine
U-344,Kriegsmarine
U-347,Kriegsmarine
U-360,Kriegsmarine
U-361,Kriegsmarine
U-412,Kriegsmarine
U-423,Kriegsmarine
U-476,Kriegsmarine
U-477,Kriegsmarine
U-478,Kriegsmarine
U-601,Kriegsmarine
U-644,Kriegsmarine
U-674,Kriegsmarine
U-675,Kriegsmarine
U-713,Kriegsmarine
U-715,Kriegsmarine
U-867,Kriegsmarine
U-961,Kriegsmarine
U-973,Kriegsmarine
U-989,Kriegsmarine
U-990,Kriegsmarine
African Star,United States
MV Atlantic Conveyor,United Kingdom
Bagé,Brazil
Brasiloide,Brazil
RFA Darkdale,Royal Navy
SS Albert Gallatin,United States
SS Berwyn,United States
SS E.G. Seubert,United States
PNS Khaibar,Pakistan Navy
MOL Comfort,Bahamas
MS Georges Philippar,France
SS John Barry,United States
INS Khukri,Indian Navy
SS Montanan,United States
SS Automedon,United Kingdom
SS Indus,United Kingdom
Ro-110,Imperial Japanese Navy
SS Selma City,United States
Arnhem,Dutch East India Company
SS Berwickshire,United Kingdom
SS Chivalry,United Kingdom
SS City of Johannesburg,United Kingdom
SS Clan Macarthur,United Kingdom
SS Commissaire Ramel,France
Cornelia P. Spencer,United States
HMS Cornwall,Royal Navy
HMS Dorsetshire,Royal Navy
SS Empire Chaucer,United Kingdom
MV Empire Day,United Kingdom
SS Fort Lee,United States
SS Fort Longueuil,United Kingdom
SS Frontier,South Africa
SS Hoihow,United Kingdom
I-27,Imperial Japanese Navy
SS James B. Stephens,United States
SS Khedive Ismail,United Kingdom
SS Koning der Nederlanden,Netherlands
Lapérouse,French Navy
Magicienne,French Navy
SS Marietta E,United Kingdom
Monge,French Navy
MTS Oceanos,Greece
USS Pecos,United States Navy
Pinguin,Kriegsmarine
HMS Plym,Royal Navy
Ramb I,Regia Marina
Samuel Heintzelman,United States
Texanita,Liberia
SS Tjisalak,Netherlands
RIMS Warren Hastings,Royal Indian Marine
MV Eidsvold,Norway
"Janga (""SIEV-221"")",Indonesia
MV Tycoon,Panama
SS Buresk,German Empire
SMS Emden,Imperial German Navy
Mahomed Shah,United Kingdom
SS Selje,Norway
Bévéziers,French Navy
Admiral Gambier,United Kingdom
MV Empire City,United Kingdom
SS Express,United States
Le Héros,French Navy
MV Mary Livanos,Portugal
SS Robert Bacon,United States
Iran Ajr,Islamic Republic of Iran Navy
U-533,Kriegsmarine
Aida,Egypt
Al-Baraqua II,Djibouti
MS al-Salam Boccaccio 98,Egypt
SS Carnatic,United Kingdom
Chrisoula K,Greece
SS Dunraven,United Kingdom
Giannis D,Greece
Kimon M,Panama
Numidia,United Kingdom
El Mina,Egyptian Navy
SS Rosalie Moller,United Kingdom
MV Salem Express,Egypt
SS Thistlegorm,United Kingdom
SS Umbria,Kingdom of Italy
Zingara,Italy
MS Empress of Australia,Australia
SS Galileo Galilei,Bahamas
USS Grenadier,United States Navy
I-34,Imperial Japanese Navy
I-166,Imperial Japanese Navy
Mousquet,French Navy
Myōkō,Imperial Japanese Navy
Sovereign of the Seas,United States
Takao,Imperial Japanese Navy
U-181,Kriegsmarine
U-859,Kriegsmarine
U-862,Kriegsmarine
